time,position,lane,speed
0.0,7226.59,500.0,81.73
0.5,7226.59,500.0,0.0
1.0,7226.59,500.0,0.0
1.5,7226.59,500.0,0.0
2.0,7226.59,500.0,0.0
2.5,7226.59,500.0,0.0
3.0,7226.59,500.0,0.0
3.5,7226.59,500.0,0.0
4.0,7226.59,500.0,0.0
4.5,7226.59,500.0,0.0
5.0,7226.59,500.0,0.0
5.5,7226.59,500.0,0.0
6.0,7226.59,500.0,0.0
6.5,7226.59,500.0,0.0
7.0,7226.59,500.0,0.0
7.5,7226.59,500.0,0.0
8.0,7226.59,500.0,0.0
8.5,7226.59,500.0,0.0
9.0,7226.59,500.0,0.0
9.5,7226.59,500.0,0.0
10.0,7226.59,500.0,0.0
10.5,7226.59,500.0,0.0
11.0,7226.59,500.0,0.0
11.5,7226.59,500.0,0.0
12.0,7226.59,500.0,0.0
12.5,7226.59,500.0,0.0
13.0,7226.59,500.0,0.0
13.5,7226.59,500.0,0.0
14.0,7226.59,500.0,0.0
14.5,7226.59,500.0,0.0
15.0,7226.59,500.0,0.0
15.5,7226.59,500.0,0.0
16.0,7226.59,500.0,0.0
16.5,7226.59,500.0,0.0
17.0,7226.59,500.0,0.0
17.5,7226.59,500.0,0.0
18.0,7226.59,500.0,0.0
18.5,7226.59,500.0,0.0
19.0,7226.59,500.0,0.0
19.5,7226.59,500.0,0.0
20.0,7226.59,500.0,0.0
20.5,7226.59,500.0,0.0
21.0,7226.59,500.0,0.0
21.5,7226.59,500.0,0.0
22.0,7226.59,500.0,0.0
22.5,7226.59,500.0,0.0
23.0,7226.59,500.0,0.0
23.5,7226.59,500.0,0.0
24.0,7226.59,500.0,0.0
24.5,7226.59,500.0,0.0
25.0,7226.59,500.0,0.0
25.5,7226.59,500.0,0.0
26.0,7226.59,500.0,0.0
26.5,7226.59,500.0,0.0
27.0,7226.59,500.0,0.0
27.5,7226.59,500.0,0.0
28.0,7226.59,500.0,0.0
28.5,7226.59,500.0,0.0
29.0,7226.59,500.0,0.0
29.5,7226.59,500.0,0.0
30.0,7226.59,500.0,0.0
30.5,7226.59,500.0,0.0
31.0,7226.59,500.0,0.0
31.5,7226.59,500.0,0.0
32.0,7226.59,500.0,0.0
32.5,7226.59,500.0,0.0
33.0,7226.59,500.0,0.0
33.5,7226.59,500.0,0.0
34.0,7226.59,500.0,0.0
34.5,7226.59,500.0,0.0
35.0,7226.59,500.0,0.0
35.5,7226.59,500.0,0.0
36.0,7226.59,500.0,0.0
36.5,7226.59,500.0,0.0
37.0,7226.59,500.0,0.0
37.5,7226.59,500.0,0.0
38.0,7226.59,500.0,0.0
38.5,7226.59,500.0,0.0
39.0,7226.59,500.0,0.0
39.5,7226.59,500.0,0.0
40.0,7226.59,500.0,0.0
40.5,7226.59,500.0,0.0
41.0,7226.59,500.0,0.0
41.5,7226.59,500.0,0.0
42.0,7226.59,500.0,0.0
42.5,7226.59,500.0,0.0
43.0,7226.59,500.0,0.0
43.5,7226.59,500.0,0.0
44.0,7226.59,500.0,0.0
44.5,7226.59,500.0,0.0
45.0,7226.59,500.0,0.0
45.5,7226.59,500.0,0.0
46.0,7226.59,500.0,0.0
46.5,7226.59,500.0,0.0
47.0,7226.59,500.0,0.0
47.5,7226.59,500.0,0.0
48.0,7226.59,500.0,0.0
48.5,7226.59,500.0,0.0
49.0,7226.59,500.0,0.0
49.5,7226.59,500.0,0.0
50.0,7226.59,500.0,0.0
50.5,7226.59,500.0,0.0
51.0,7226.59,500.0,0.0
51.5,7226.59,500.0,0.0
52.0,7226.59,500.0,0.0
52.5,7226.59,500.0,0.0
53.0,7226.59,500.0,0.0
53.5,7226.59,500.0,0.0
54.0,7226.59,500.0,0.0
54.5,7226.59,500.0,0.0
55.0,7226.59,500.0,0.0
55.5,7226.59,500.0,0.0
56.0,7226.59,500.0,0.0
56.5,7226.59,500.0,0.0
57.0,7226.59,500.0,0.0
57.5,7226.59,500.0,0.0
58.0,7226.59,500.0,0.0
58.5,7226.59,500.0,0.0
59.0,7226.59,500.0,0.0
59.5,7226.59,500.0,0.0
60.0,7226.59,500.0,0.0
60.5,7237.94,500.0,81.7
61.0,7249.29,500.0,81.67
61.5,7260.63,500.0,81.65
62.0,7271.969999999999,500.0,81.62
62.5,7283.3,500.0,81.6
63.0,7294.63,500.0,81.57
63.5,7305.96,500.0,81.55
64.0,7317.29,500.0,81.53
64.5,7328.61,500.0,81.51
65.0,7339.929999999999,500.0,81.49
65.5,7351.24,500.0,81.47
66.0,7362.5599999999995,500.0,81.45
66.5,7373.87,500.0,81.43
67.0,7385.179999999999,500.0,81.41
67.5,7396.48,500.0,81.39
68.0,7407.79,500.0,81.38
68.5,7419.09,500.0,81.36
69.0,7430.38,500.0,81.34
69.5,7441.679999999999,500.0,81.33
70.0,7452.98,500.0,81.31
70.5,7464.2699999999995,500.0,81.3
71.0,7475.5599999999995,500.0,81.28
71.5,7486.849999999999,500.0,81.27
72.0,7498.13,500.0,81.26
72.5,7509.42,500.0,81.25
73.0,7520.7,500.0,81.23
73.5,7531.98,500.0,81.22
74.0,7543.259999999999,500.0,81.21
74.5,7554.54,500.0,81.2
75.0,7565.82,500.0,81.19
75.5,7577.099999999999,500.0,81.18
76.0,7588.37,500.0,81.17
76.5,7599.639999999999,500.0,81.16
77.0,7610.92,500.0,81.15
77.5,7622.19,500.0,81.14
78.0,7633.46,500.0,81.14
78.5,7644.719999999999,500.0,81.13
79.0,7655.99,500.0,81.12
79.5,7667.259999999999,500.0,81.11
80.0,7678.5199999999995,500.0,81.1
80.5,7689.79,500.0,81.1
81.0,7701.05,500.0,81.09
81.5,7712.31,500.0,81.08
82.0,7723.570000000001,500.0,81.08
82.5,7734.829999999999,500.0,81.07
83.0,7746.089999999999,500.0,81.07
83.5,7757.349999999999,500.0,81.06
84.0,7768.61,500.0,81.06
84.5,7779.87,500.0,81.05
85.0,7791.12,500.0,81.05
85.5,7802.38,500.0,81.04
86.0,7813.63,500.0,81.04
86.5,7824.89,500.0,81.04
87.0,7836.14,500.0,81.03
87.5,7847.400000000001,500.0,81.03
88.0,7858.650000000001,500.0,81.03
88.5,7869.909999999999,500.0,81.03
89.0,7881.159999999999,500.0,81.02
89.5,7892.409999999999,500.0,81.02
90.0,7903.669999999999,500.0,81.02
90.5,7914.919999999999,500.0,81.02
91.0,7926.169999999999,500.0,81.02
91.5,7937.419999999999,500.0,81.02
92.0,7948.679999999999,500.0,81.01
92.5,7959.929999999999,500.0,81.01
93.0,7971.179999999999,500.0,81.01
93.5,7982.429999999999,500.0,81.01
94.0,7993.679999999999,500.0,81.01
94.5,8004.929999999999,500.0,81.01
95.0,8016.179999999999,500.0,81.01
95.5,8027.44,500.0,81.01
96.0,8038.69,500.0,81.01
96.5,8049.94,500.0,81.01
97.0,8061.19,500.0,81.01
97.5,8072.44,500.0,81.01
98.0,8083.69,500.0,81.01
98.5,8094.94,500.0,81.01
99.0,8106.19,500.0,81.0
99.5,8117.44,500.0,81.0
100.0,8128.69,500.0,81.0
100.5,8139.94,500.0,81.0
101.0,8151.19,500.0,81.0
101.5,8162.44,500.0,81.0
102.0,8173.7,500.0,81.0
102.5,8184.95,500.0,81.0
103.0,8196.2,500.0,81.0
103.5,8207.45,500.0,81.0
104.0,8218.7,500.0,81.0
104.5,8229.95,500.0,81.0
105.0,8241.2,500.0,81.0
105.5,8252.45,500.0,81.0
106.0,8263.7,500.0,81.0
106.5,8274.95,500.0,81.0
107.0,8286.2,500.0,81.0
107.5,8297.45,500.0,81.0
108.0,8308.7,500.0,81.0
108.5,8319.95,500.0,81.0
109.0,8331.2,500.0,81.0
109.5,8342.45,500.0,81.0
110.0,8353.7,500.0,81.0
110.5,8364.95,500.0,81.0
111.0,8376.2,500.0,81.0
111.5,8387.44,500.0,81.0
112.0,8398.69,500.0,81.0
112.5,8409.94,500.0,81.0
113.0,8421.19,500.0,81.0
113.5,8432.44,500.0,81.0
114.0,8443.69,500.0,81.0
114.5,8454.94,500.0,81.0
115.0,8466.19,500.0,81.0
115.5,8477.44,500.0,81.0
116.0,8488.69,500.0,81.0
116.5,8499.94,500.0,80.99
117.0,8511.19,500.0,80.99
117.5,8522.44,500.0,80.99
118.0,8533.69,500.0,80.99
118.5,8544.94,500.0,80.99
119.0,8556.19,500.0,80.99
119.5,8567.43,500.0,80.99
120.0,8578.68,500.0,80.99
120.5,8589.93,500.0,80.99
121.0,8601.18,500.0,80.99
121.5,8612.43,500.0,80.99
122.0,8623.68,500.0,80.99
122.5,8634.93,500.0,80.99
123.0,8646.18,500.0,80.99
123.5,8657.43,500.0,80.99
124.0,8668.67,500.0,80.99
124.5,8679.92,500.0,80.99
125.0,8691.17,500.0,80.99
125.5,8702.42,500.0,80.99
126.0,8713.67,500.0,80.99
126.5,8724.92,500.0,80.99
127.0,8736.17,500.0,80.99
127.5,8747.41,500.0,80.99
128.0,8758.66,500.0,80.99
128.5,8769.91,500.0,80.99
129.0,8781.16,500.0,80.99
129.5,8792.41,500.0,80.99
130.0,8803.66,500.0,80.99
130.5,8814.91,500.0,81.25
131.0,8826.24,500.0,81.87
131.5,8837.650000000001,500.0,82.44
132.0,8849.140000000001,500.0,82.97
132.5,8860.7,500.0,83.44
133.0,8872.320000000002,500.0,83.88
133.5,8883.99,500.0,84.27
134.0,8895.720000000001,500.0,84.63
134.5,8907.5,500.0,84.95
135.0,8919.320000000002,500.0,85.23
135.5,8931.17,500.0,85.48
136.0,8943.060000000001,500.0,85.7
136.5,8954.980000000001,500.0,85.89
137.0,8966.92,500.0,86.06
137.5,8978.880000000001,500.0,86.19
138.0,8990.86,500.0,86.31
138.5,9002.85,500.0,86.4
139.0,9014.86,500.0,86.48
139.5,9026.880000000001,500.0,86.54
140.0,9038.900000000001,500.0,86.58
140.5,9050.92,500.0,86.6
141.0,9062.95,500.0,86.61
141.5,9074.980000000001,500.0,86.61
142.0,9087.01,500.0,86.6
142.5,9099.04,500.0,86.57
143.0,9111.060000000001,500.0,86.54
143.5,9123.070000000002,500.0,86.49
144.0,9135.08,500.0,86.44
144.5,9147.09,500.0,86.39
145.0,9159.08,500.0,86.32
145.5,9171.060000000001,500.0,86.25
146.0,9183.04,500.0,86.18
146.5,9195.0,500.0,86.1
147.0,9206.960000000001,500.0,86.02
147.5,9218.900000000001,500.0,85.93
148.0,9230.83,500.0,85.85
148.5,9242.74,500.0,85.75
149.0,9254.650000000001,500.0,85.66
149.5,9266.54,500.0,85.57
150.0,9278.41,500.0,85.47
150.5,9290.28,500.0,85.38
151.0,9302.130000000001,500.0,85.28
151.5,9313.970000000001,500.0,85.18
152.0,9325.79,500.0,85.08
152.5,9337.6,500.0,84.99
153.0,9349.400000000001,500.0,84.89
153.5,9361.18,500.0,84.79
154.0,9372.95,500.0,84.69
154.5,9384.710000000001,500.0,84.6
155.0,9396.45,500.0,84.5
155.5,9408.18,500.0,84.41
156.0,9419.900000000001,500.0,84.31
156.5,9431.6,500.0,84.22
157.0,9443.29,500.0,84.13
157.5,9454.970000000001,500.0,84.04
158.0,9466.640000000001,500.0,83.95
158.5,9478.29,500.0,83.87
159.0,9489.93,500.0,83.78
159.5,9501.570000000002,500.0,83.7
160.0,9513.18,500.0,83.62
160.5,9524.79,500.0,83.54
161.0,9536.390000000001,500.0,83.46
161.5,9547.980000000001,500.0,83.38
162.0,9559.550000000001,500.0,83.31
162.5,9571.12,503.0,83.42
163.0,9582.76,503.0,84.23
163.5,9594.52,503.0,85.01
164.0,9606.37,503.0,85.74
164.5,9618.33,503.0,86.44
165.0,9630.380000000001,503.0,87.1
165.5,9642.52,503.0,87.72
166.0,9654.75,503.0,88.31
166.5,9667.050000000001,503.0,88.86
167.0,9679.43,503.0,89.38
167.5,9691.880000000001,503.0,89.87
168.0,9704.390000000001,503.0,90.34
168.5,9716.970000000001,503.0,90.78
169.0,9729.61,503.0,91.19
169.5,9742.300000000001,503.0,91.59
170.0,9755.050000000001,503.0,92.01
170.5,9767.86,503.0,92.43
171.0,9780.720000000001,503.0,92.83
171.5,9793.640000000001,503.0,93.21
172.0,9806.61,503.0,93.57
172.5,9819.630000000001,503.0,93.9
173.0,9832.7,503.0,94.22
173.5,9845.800000000001,503.0,94.51
174.0,9858.95,503.0,94.78
174.5,9872.130000000001,503.0,95.04
175.0,9885.35,503.0,95.28
175.5,9898.6,503.0,95.51
176.0,9911.880000000001,503.0,95.72
176.5,9925.19,503.0,95.92
177.0,9938.52,503.0,96.11
177.5,9951.880000000001,503.0,96.28
178.0,9965.27,503.0,96.44
178.5,9978.67,503.0,96.59
179.0,9992.1,503.0,96.73
179.5,96.25,500.0,60.53
180.0,104.66999999999996,500.0,60.75
180.5,113.12,500.0,60.97
181.0,121.60000000000002,500.0,61.18
181.5,130.11,500.0,61.38
182.0,138.64999999999998,500.0,61.56
182.5,147.20999999999992,500.0,61.72
183.0,155.79999999999995,500.0,61.87
183.5,164.39999999999998,500.0,61.99
184.0,173.01999999999998,500.0,62.1
184.5,181.64999999999998,500.0,62.18
185.0,190.28999999999996,500.0,62.25
185.5,198.93999999999994,500.0,62.29
186.0,207.58999999999992,500.0,62.3
186.5,216.24,500.0,62.3
187.0,224.89,500.0,62.27
187.5,233.53999999999996,500.0,62.23
188.0,242.17999999999995,500.0,62.16
188.5,250.79999999999995,500.0,62.07
189.0,259.41999999999996,500.0,61.97
189.5,268.02,500.0,61.84
190.0,276.6,500.0,61.7
190.5,285.15999999999997,500.0,61.55
191.0,293.68999999999994,500.0,61.38
191.5,302.19999999999993,500.0,61.2
192.0,310.68999999999994,500.0,61.01
192.5,319.15,500.0,60.81
193.0,327.5799999999999,500.0,60.6
193.5,335.98,500.0,60.39
194.0,344.36,500.0,60.18
194.5,352.69999999999993,500.0,59.97
195.0,361.02,500.0,59.75
195.5,369.29999999999995,500.0,59.54
196.0,377.55999999999995,500.0,59.33
196.5,385.78,500.0,59.13
197.0,393.98,500.0,58.93
197.5,402.15,500.0,58.74
198.0,410.29999999999995,500.0,58.56
198.5,418.41999999999996,500.0,58.38
199.0,426.51,500.0,58.21
199.5,434.5899999999999,500.0,58.05
200.0,442.64,500.0,57.9
200.5,450.66999999999996,500.0,57.75
201.0,458.67999999999995,500.0,57.61
201.5,466.66999999999996,500.0,57.48
202.0,474.65,500.0,57.34
202.5,482.6,500.0,57.21
203.0,490.53999999999996,500.0,57.13
203.5,498.47,500.0,57.12
204.0,506.40999999999997,500.0,57.16
204.5,514.35,500.0,57.24
205.0,522.31,500.0,57.33
205.5,530.28,500.0,57.42
206.0,538.26,500.0,57.5
206.5,546.25,500.0,57.56
207.0,554.25,500.0,57.59
207.5,562.25,500.0,57.58
208.0,570.24,500.0,57.55
208.5,578.23,500.0,57.48
209.0,586.21,500.0,57.37
209.5,594.1600000000001,500.0,57.24
210.0,602.0999999999999,500.0,57.07
210.5,610.02,500.0,56.89
211.0,617.8999999999999,500.0,56.68
211.5,625.76,500.0,56.46
212.0,633.5899999999999,500.0,56.24
212.5,641.3799999999999,500.0,56.01
213.0,649.1499999999999,500.0,55.78
213.5,656.8799999999999,500.0,55.55
214.0,664.5799999999999,500.0,55.33
214.5,672.25,500.0,55.12
215.0,679.8899999999999,500.0,54.92
215.5,687.5,500.0,54.73
216.0,695.0899999999999,500.0,54.56
216.5,702.6600000000001,500.0,54.41
217.0,710.21,500.0,54.27
217.5,717.73,500.0,54.16
218.0,725.25,500.0,54.06
218.5,732.75,500.0,53.97
219.0,740.24,500.0,53.9
219.5,747.73,500.0,53.85
220.0,755.2,500.0,53.82
220.5,762.6800000000001,500.0,53.8
221.0,770.1499999999999,500.0,53.79
221.5,777.6199999999999,500.0,53.8
222.0,785.0899999999999,500.0,53.81
222.5,792.5699999999999,500.0,53.84
223.0,800.05,500.0,53.88
223.5,807.53,500.0,53.93
224.0,815.03,500.0,53.98
224.5,822.53,500.0,54.04
225.0,830.04,500.0,54.11
225.5,837.56,500.0,54.19
226.0,845.0899999999999,500.0,54.26
226.5,852.6299999999999,500.0,54.34
227.0,860.19,500.0,54.43
227.5,867.75,500.0,54.51
228.0,875.3299999999999,500.0,54.6
228.5,882.9200000000001,500.0,54.69
229.0,890.52,500.0,54.78
229.5,898.1399999999999,500.0,54.88
230.0,905.77,500.0,54.97
230.5,913.4100000000001,500.0,55.06
231.0,921.06,500.0,55.15
231.5,928.73,500.0,55.24
232.0,936.4100000000001,500.0,55.33
232.5,944.0999999999999,500.0,55.42
233.0,951.8,500.0,55.51
233.5,959.52,500.0,55.6
234.0,967.25,500.0,55.69
234.5,974.99,500.0,55.77
235.0,982.74,500.0,55.85
235.5,990.5,500.0,55.93
236.0,998.27,500.0,56.0
236.5,1006.06,500.0,56.06
237.0,1013.8499999999999,500.0,56.12
237.5,1021.6499999999999,500.0,56.17
238.0,1029.45,500.0,56.21
238.5,1037.26,500.0,56.25
239.0,1045.07,500.0,56.27
239.5,1052.8899999999999,500.0,56.29
240.0,1060.71,500.0,56.32
240.5,1068.53,500.0,56.36
241.0,1076.37,500.0,56.41
241.5,1084.2,500.0,56.47
242.0,1092.05,500.0,56.55
242.5,1099.91,500.0,56.62
243.0,1107.78,500.0,56.7
243.5,1115.66,500.0,56.79
244.0,1123.56,500.0,56.87
244.5,1131.46,500.0,56.95
245.0,1139.37,500.0,57.02
245.5,1147.3,500.0,57.09
246.0,1155.23,500.0,57.15
246.5,1163.17,500.0,57.2
247.0,1171.12,500.0,57.24
247.5,1179.07,500.0,57.28
248.0,1187.03,500.0,57.3
248.5,1194.99,500.0,57.32
249.0,1202.95,500.0,57.33
249.5,1210.91,500.0,57.33
250.0,1218.8799999999999,500.0,57.32
250.5,1226.84,500.0,57.31
251.0,1234.79,500.0,57.29
251.5,1242.75,500.0,57.26
252.0,1250.7,500.0,57.23
252.5,1258.6499999999999,500.0,57.2
253.0,1266.59,500.0,57.16
253.5,1274.53,500.0,57.12
254.0,1282.46,500.0,57.08
254.5,1290.3799999999999,500.0,57.04
255.0,1298.3,500.0,56.99
255.5,1306.21,500.0,56.95
256.0,1314.12,500.0,56.9
256.5,1322.02,500.0,56.85
257.0,1329.91,500.0,56.81
257.5,1337.8,500.0,56.77
258.0,1345.68,500.0,56.72
258.5,1353.56,500.0,56.68
259.0,1361.43,500.0,56.65
259.5,1369.29,500.0,56.61
260.0,1377.1499999999999,500.0,56.57
260.5,1385.01,500.0,56.54
261.0,1392.86,500.0,56.51
261.5,1400.7,500.0,56.48
262.0,1408.55,500.0,56.46
262.5,1416.3899999999999,500.0,56.44
263.0,1424.22,500.0,56.42
263.5,1432.06,500.0,56.4
264.0,1439.8899999999999,500.0,56.38
264.5,1447.72,500.0,56.37
265.0,1455.55,500.0,56.36
265.5,1463.3799999999999,500.0,56.35
266.0,1471.2,500.0,56.35
266.5,1479.03,500.0,56.34
267.0,1486.85,500.0,56.33
267.5,1494.67,500.0,56.31
268.0,1502.49,500.0,56.29
268.5,1510.31,500.0,56.26
269.0,1518.12,500.0,56.21
269.5,1525.92,500.0,56.14
270.0,1533.71,500.0,56.05
270.5,1541.49,500.0,55.95
271.0,1549.2499999999998,500.0,55.83
271.5,1556.9999999999998,500.0,55.68
272.0,1564.72,500.0,55.53
272.5,1572.4199999999998,500.0,55.35
273.0,1580.1000000000001,500.0,55.17
273.5,1587.74,500.0,54.97
274.0,1595.36,500.0,54.75
274.5,1602.95,500.0,54.52
275.0,1610.51,500.0,54.27
275.5,1618.03,500.0,54.0
276.0,1625.51,500.0,53.72
276.5,1632.95,500.0,53.42
277.0,1640.34,500.0,53.1
277.5,1647.7,500.0,52.77
278.0,1654.9999999999998,500.0,52.44
278.5,1662.26,500.0,52.09
279.0,1669.47,500.0,51.75
279.5,1676.64,500.0,51.4
280.0,1683.7499999999998,500.0,51.07
280.5,1690.8300000000002,500.0,50.9
281.0,1697.9199999999998,500.0,51.32
281.5,1705.0800000000002,500.0,51.66
282.0,1712.2699999999998,500.0,51.94
282.5,1719.4999999999998,500.0,52.16
283.0,1726.76,500.0,52.34
283.5,1734.0400000000002,500.0,52.46
284.0,1741.3300000000002,500.0,52.56
284.5,1748.64,500.0,52.62
285.0,1755.95,500.0,52.66
285.5,1763.26,500.0,52.68
286.0,1770.5800000000002,500.0,52.69
286.5,1777.8999999999999,500.0,52.69
287.0,1785.22,500.0,52.69
287.5,1792.5400000000002,500.0,52.68
288.0,1799.8500000000001,500.0,52.68
288.5,1807.1699999999998,500.0,52.68
289.0,1814.4799999999998,500.0,52.68
289.5,1821.8,500.0,52.68
290.0,1829.1200000000001,500.0,52.68
290.5,1836.43,500.0,52.67
291.0,1843.7499999999998,500.0,52.65
291.5,1851.0600000000002,500.0,52.62
292.0,1858.36,500.0,52.58
292.5,1865.66,500.0,52.52
293.0,1872.95,500.0,52.44
293.5,1880.2299999999998,500.0,52.35
294.0,1887.49,500.0,52.25
294.5,1894.74,500.0,52.15
295.0,1901.9799999999998,500.0,52.03
295.5,1909.1899999999998,500.0,51.91
296.0,1916.3999999999999,500.0,51.79
296.5,1923.5800000000002,500.0,51.66
297.0,1930.7499999999998,500.0,51.55
297.5,1937.8999999999999,500.0,51.43
298.0,1945.03,500.0,51.33
298.5,1952.16,500.0,51.24
299.0,1959.2699999999998,500.0,51.15
299.5,1966.3700000000001,500.0,51.08
300.0,1973.4599999999998,500.0,51.03
300.5,1980.5400000000002,500.0,50.99
301.0,1987.6200000000001,500.0,50.96
301.5,1994.7,500.0,50.95
302.0,2001.78,500.0,50.96
302.5,2008.8500000000001,500.0,50.98
303.0,2015.9399999999998,500.0,51.01
303.5,2023.0199999999998,500.0,51.06
304.0,2030.1200000000001,500.0,51.12
304.5,2037.22,500.0,51.19
305.0,2044.34,500.0,51.27
305.5,2051.4700000000003,500.0,51.37
306.0,2058.6099999999997,500.0,51.47
306.5,2065.76,500.0,51.58
307.0,2072.9399999999996,500.0,51.7
307.5,2080.13,500.0,51.82
308.0,2087.33,500.0,51.93
308.5,2094.55,500.0,52.03
309.0,2101.7799999999997,500.0,52.11
309.5,2109.0199999999995,500.0,52.18
310.0,2116.2699999999995,500.0,52.22
310.5,2123.5299999999997,500.0,52.25
311.0,2130.79,500.0,52.27
311.5,2138.05,500.0,52.26
312.0,2145.3100000000004,500.0,52.25
312.5,2152.5600000000004,500.0,52.22
313.0,2159.8100000000004,500.0,52.19
313.5,2167.0600000000004,500.0,52.15
314.0,2174.3,500.0,52.11
314.5,2181.5299999999997,500.0,52.08
315.0,2188.76,500.0,52.04
315.5,2195.99,500.0,52.02
316.0,2203.21,500.0,52.0
316.5,2210.4300000000003,500.0,51.98
317.0,2217.6499999999996,500.0,51.98
317.5,2224.87,500.0,52.0
318.0,2232.1000000000004,500.0,52.02
318.5,2239.3199999999997,500.0,52.05
319.0,2246.5600000000004,500.0,52.1
319.5,2253.8,500.0,52.16
320.0,2261.04,500.0,52.23
320.5,2268.3,500.0,52.31
321.0,2275.5699999999997,500.0,52.4
321.5,2282.8599999999997,500.0,52.5
322.0,2290.16,500.0,52.61
322.5,2297.4700000000003,500.0,52.72
323.0,2304.8,500.0,52.85
323.5,2312.1499999999996,500.0,52.98
324.0,2319.5199999999995,500.0,53.11
324.5,2326.91,500.0,53.25
325.0,2334.3100000000004,500.0,53.39
325.5,2341.74,500.0,53.54
326.0,2349.1800000000003,500.0,53.69
326.5,2356.6499999999996,500.0,53.84
327.0,2364.1400000000003,500.0,53.99
327.5,2371.6499999999996,500.0,54.14
328.0,2379.1800000000003,500.0,54.29
328.5,2386.7299999999996,500.0,54.43
329.0,2394.3,500.0,54.58
329.5,2401.8900000000003,500.0,54.72
330.0,2409.49,500.0,54.85
330.5,2417.12,500.0,54.95
331.0,2424.76,500.0,55.04
331.5,2432.41,500.0,55.1
332.0,2440.0600000000004,500.0,55.14
332.5,2447.7200000000003,500.0,55.15
333.0,2455.38,500.0,55.14
333.5,2463.04,500.0,55.1
334.0,2470.6899999999996,500.0,55.03
334.5,2478.33,500.0,54.95
335.0,2485.95,500.0,54.85
335.5,2493.5600000000004,500.0,54.74
336.0,2501.16,500.0,54.62
336.5,2508.7299999999996,500.0,54.49
337.0,2516.29,500.0,54.36
337.5,2523.84,500.0,54.23
338.0,2531.3599999999997,500.0,54.11
338.5,2538.87,500.0,53.99
339.0,2546.3599999999997,500.0,53.88
339.5,2553.83,500.0,53.78
340.0,2561.29,500.0,53.69
340.5,2568.75,500.0,53.62
341.0,2576.1899999999996,500.0,53.56
341.5,2583.62,500.0,53.51
342.0,2591.05,500.0,53.48
342.5,2598.4799999999996,500.0,53.46
343.0,2605.91,500.0,53.46
343.5,2613.33,500.0,53.48
344.0,2620.76,500.0,53.51
344.5,2628.2,500.0,53.55
345.0,2635.6400000000003,500.0,53.6
345.5,2643.09,500.0,53.67
346.0,2650.54,500.0,53.74
346.5,2658.01,500.0,53.83
347.0,2665.5,500.0,53.92
347.5,2672.99,500.0,54.02
348.0,2680.5,500.0,54.13
348.5,2688.0299999999997,500.0,54.24
349.0,2695.5699999999997,500.0,54.36
349.5,2703.13,500.0,54.48
350.0,2710.7,500.0,54.6
350.5,2718.3,500.0,54.73
351.0,2725.91,500.0,54.86
351.5,2733.54,500.0,54.99
352.0,2741.1800000000003,500.0,55.12
352.5,2748.8500000000004,500.0,55.25
353.0,2756.5299999999997,500.0,55.37
353.5,2764.2299999999996,500.0,55.5
354.0,2771.9399999999996,500.0,55.62
354.5,2779.6800000000003,500.0,55.74
355.0,2787.4300000000003,500.0,55.85
355.5,2795.1899999999996,500.0,55.96
356.0,2802.9700000000003,500.0,56.07
356.5,2810.7699999999995,500.0,56.17
357.0,2818.5699999999997,500.0,56.27
357.5,2826.3900000000003,500.0,56.36
358.0,2834.2299999999996,500.0,56.44
358.5,2842.0699999999997,500.0,56.53
359.0,2849.9300000000003,500.0,56.6
359.5,2857.8,500.0,56.68
360.0,2865.67,500.0,56.75
360.5,2873.5600000000004,500.0,56.81
361.0,2881.45,500.0,56.87
361.5,2889.3599999999997,500.0,56.93
362.0,2897.2699999999995,500.0,56.98
362.5,2905.1800000000003,500.0,57.03
363.0,2913.1099999999997,500.0,57.07
363.5,2921.04,500.0,57.12
364.0,2928.9700000000003,500.0,57.16
364.5,2936.91,500.0,57.19
365.0,2944.8599999999997,500.0,57.23
365.5,2952.8100000000004,500.0,57.26
366.0,2960.7699999999995,500.0,57.29
366.5,2968.7299999999996,500.0,57.32
367.0,2976.6899999999996,500.0,57.35
367.5,2984.66,500.0,57.38
368.0,2992.63,500.0,57.4
368.5,3000.6000000000004,500.0,57.42
369.0,3008.58,500.0,57.44
369.5,3016.5600000000004,500.0,57.46
370.0,3024.54,500.0,57.48
370.5,3032.5199999999995,500.0,57.5
371.0,3040.51,500.0,57.52
371.5,3048.5,500.0,57.54
372.0,3056.49,500.0,57.55
372.5,3064.49,500.0,57.57
373.0,3072.49,500.0,57.58
373.5,3080.4799999999996,500.0,57.6
374.0,3088.49,500.0,57.61
374.5,3096.49,500.0,57.63
375.0,3104.49,500.0,57.64
375.5,3112.5,500.0,57.65
376.0,3120.51,500.0,57.66
376.5,3128.5199999999995,500.0,57.68
377.0,3136.5299999999997,500.0,57.69
377.5,3144.54,500.0,57.7
378.0,3152.5600000000004,500.0,57.71
378.5,3160.5699999999997,500.0,57.72
379.0,3168.59,500.0,57.73
379.5,3176.6099999999997,500.0,57.74
380.0,3184.63,500.0,57.75
380.5,3192.6499999999996,500.0,57.76
381.0,3200.67,500.0,57.77
381.5,3208.7,500.0,57.78
382.0,3216.7200000000003,500.0,57.79
382.5,3224.75,500.0,57.8
383.0,3232.7799999999997,500.0,57.81
383.5,3240.8100000000004,500.0,57.82
384.0,3248.84,500.0,57.83
384.5,3256.87,500.0,57.84
385.0,3264.91,500.0,57.85
385.5,3272.9399999999996,500.0,57.85
386.0,3280.9799999999996,500.0,57.86
386.5,3289.01,500.0,57.86
387.0,3297.05,500.0,57.86
387.5,3305.09,500.0,57.85
388.0,3313.12,500.0,57.83
388.5,3321.1499999999996,500.0,57.8
389.0,3329.17,500.0,57.75
389.5,3337.1899999999996,500.0,57.69
390.0,3345.2,500.0,57.62
390.5,3353.1899999999996,500.0,57.53
391.0,3361.1800000000003,500.0,57.44
391.5,3369.1499999999996,500.0,57.33
392.0,3377.1000000000004,500.0,57.21
392.5,3385.04,500.0,57.08
393.0,3392.96,500.0,56.95
393.5,3400.8599999999997,500.0,56.81
394.0,3408.74,500.0,56.67
394.5,3416.6000000000004,500.0,56.53
395.0,3424.4399999999996,500.0,56.38
395.5,3432.26,500.0,56.24
396.0,3440.0600000000004,500.0,56.1
396.5,3447.8500000000004,500.0,55.96
397.0,3455.6099999999997,500.0,55.83
397.5,3463.3500000000004,500.0,55.71
398.0,3471.08,500.0,55.59
398.5,3478.8,500.0,55.48
399.0,3486.5,500.0,55.38
399.5,3494.1800000000003,500.0,55.29
400.0,3501.8500000000004,500.0,55.21
400.5,3509.5199999999995,500.0,55.13
401.0,3517.17,500.0,55.07
401.5,3524.8100000000004,500.0,55.01
402.0,3532.45,500.0,54.97
402.5,3540.08,500.0,54.93
403.0,3547.71,500.0,54.9
403.5,3555.33,500.0,54.88
404.0,3562.96,500.0,54.87
404.5,3570.58,500.0,54.87
405.0,3578.2,500.0,54.88
405.5,3585.8199999999997,500.0,54.89
406.0,3593.45,500.0,54.91
406.5,3601.0699999999997,500.0,54.94
407.0,3608.71,500.0,54.97
407.5,3616.34,500.0,55.0
408.0,3623.9799999999996,500.0,55.04
408.5,3631.63,500.0,55.09
409.0,3639.29,500.0,55.14
409.5,3646.95,500.0,55.19
410.0,3654.62,500.0,55.25
410.5,3662.3,500.0,55.31
411.0,3669.9799999999996,500.0,55.37
411.5,3677.6799999999994,500.0,55.43
412.0,3685.38,500.0,55.49
412.5,3693.09,500.0,55.56
413.0,3700.8099999999995,500.0,55.63
413.5,3708.54,500.0,55.69
414.0,3716.2799999999997,500.0,55.76
414.5,3724.0299999999997,500.0,55.83
415.0,3731.79,500.0,55.9
415.5,3739.5599999999995,500.0,55.97
416.0,3747.34,500.0,56.03
416.5,3755.12,500.0,56.1
417.0,3762.92,500.0,56.17
417.5,3770.7299999999996,500.0,56.23
418.0,3778.54,500.0,56.3
418.5,3786.37,500.0,56.36
419.0,3794.2,500.0,56.43
419.5,3802.04,500.0,56.49
420.0,3809.8899999999994,500.0,56.55
420.5,3817.75,500.0,56.61
421.0,3825.6099999999997,500.0,56.67
421.5,3833.49,500.0,56.73
422.0,3841.37,500.0,56.78
422.5,3849.2599999999993,500.0,56.84
423.0,3857.16,500.0,56.89
423.5,3865.0599999999995,500.0,56.94
424.0,3872.9799999999996,500.0,57.0
424.5,3880.8999999999996,500.0,57.05
425.0,3888.8199999999997,500.0,57.1
425.5,3896.7599999999993,500.0,57.14
426.0,3904.7,500.0,57.19
426.5,3912.6399999999994,500.0,57.24
427.0,3920.5999999999995,500.0,57.28
427.5,3928.55,500.0,57.32
428.0,3936.5199999999995,500.0,57.37
428.5,3944.49,500.0,57.41
429.0,3952.4699999999993,500.0,57.45
429.5,3960.45,500.0,57.49
430.0,3968.4299999999994,500.0,57.53
430.5,3976.4299999999994,500.0,57.56
431.0,3984.42,500.0,57.6
431.5,3992.4299999999994,500.0,57.63
432.0,4000.4299999999994,500.0,57.67
432.5,4008.4399999999996,500.0,57.7
433.0,4016.46,500.0,57.74
433.5,4024.4799999999996,500.0,57.77
434.0,4032.5099999999993,500.0,57.8
434.5,4040.54,500.0,57.83
435.0,4048.5699999999997,500.0,57.86
435.5,4056.6099999999997,500.0,57.89
436.0,4064.6499999999996,500.0,57.92
436.5,4072.7,500.0,57.95
437.0,4080.75,500.0,57.97
437.5,4088.8,500.0,57.99
438.0,4096.86,500.0,58.0
438.5,4104.91,500.0,57.98
439.0,4112.96,500.0,57.93
439.5,4121.0,500.0,57.84
440.0,4129.03,500.0,57.7
440.5,4137.03,500.0,57.52
441.0,4145.0,500.0,57.29
441.5,4152.94,500.0,57.02
442.0,4160.84,500.0,56.71
442.5,4168.69,500.0,56.36
443.0,4176.49,500.0,55.98
443.5,4184.24,500.0,55.57
444.0,4191.929999999999,500.0,55.14
444.5,4199.5599999999995,500.0,54.7
445.0,4207.12,500.0,54.25
445.5,4214.63,500.0,53.81
446.0,4222.07,500.0,53.37
446.5,4229.45,500.0,52.94
447.0,4236.7699999999995,500.0,52.52
447.5,4244.04,500.0,52.13
448.0,4251.259999999999,500.0,51.76
448.5,4258.42,500.0,51.42
449.0,4265.54,500.0,51.1
449.5,4272.62,500.0,50.82
450.0,4279.66,500.0,50.57
450.5,4286.67,500.0,50.36
451.0,4293.65,500.0,50.18
451.5,4300.61,500.0,50.03
452.0,4307.55,500.0,49.91
452.5,4314.469999999999,500.0,49.83
453.0,4321.389999999999,500.0,49.77
453.5,4328.3,500.0,49.75
454.0,4335.21,500.0,49.75
454.5,4342.12,500.0,49.77
455.0,4349.04,500.0,49.82
455.5,4355.96,500.0,49.89
456.0,4362.889999999999,500.0,49.97
456.5,4369.84,500.0,50.08
457.0,4376.8099999999995,500.0,50.19
457.5,4383.79,500.0,50.32
458.0,4390.78,500.0,50.47
458.5,4397.8,500.0,50.62
459.0,4404.849999999999,500.0,50.78
459.5,4411.91,500.0,50.94
460.0,4419.0,500.0,51.11
460.5,4426.11,500.0,51.29
461.0,4433.24,500.0,51.47
461.5,4440.4,500.0,51.65
462.0,4447.59,500.0,51.82
462.5,4454.8,500.0,52.0
463.0,4462.04,500.0,52.18
463.5,4469.3,500.0,52.36
464.0,4476.58,500.0,52.53
464.5,4483.889999999999,500.0,52.71
465.0,4491.219999999999,500.0,52.88
465.5,4498.58,500.0,53.04
466.0,4505.95,500.0,53.2
466.5,4513.36,500.0,53.36
467.0,4520.78,500.0,53.52
467.5,4528.219999999999,500.0,53.67
468.0,4535.679999999999,500.0,53.81
468.5,4543.17,500.0,53.96
469.0,4550.67,500.0,54.09
469.5,4558.19,500.0,54.23
470.0,4565.73,500.0,54.35
470.5,4573.29,500.0,54.48
471.0,4580.87,500.0,54.6
471.5,4588.46,500.0,54.72
472.0,4596.07,500.0,54.83
472.5,4603.69,500.0,54.94
473.0,4611.33,500.0,55.04
473.5,4618.98,500.0,55.14
474.0,4626.639999999999,500.0,55.24
474.5,4634.32,500.0,55.33
475.0,4642.009999999999,500.0,55.42
475.5,4649.719999999999,500.0,55.51
476.0,4657.429999999999,500.0,55.6
476.5,4665.16,500.0,55.68
477.0,4672.9,500.0,55.75
477.5,4680.65,500.0,55.83
478.0,4688.41,500.0,55.9
478.5,4696.179999999999,500.0,55.97
479.0,4703.95,500.0,56.04
479.5,4711.74,500.0,56.11
480.0,4719.54,500.0,56.17
480.5,4727.349999999999,500.0,56.24
481.0,4735.16,500.0,56.3
481.5,4742.98,500.0,56.35
482.0,4750.8099999999995,500.0,56.41
482.5,4758.65,500.0,56.46
483.0,4766.5,500.0,56.52
483.5,4774.349999999999,500.0,56.57
484.0,4782.21,500.0,56.62
484.5,4790.08,500.0,56.67
485.0,4797.95,500.0,56.71
485.5,4805.83,500.0,56.76
486.0,4813.719999999999,500.0,56.8
486.5,4821.61,500.0,56.85
487.0,4829.509999999999,500.0,56.89
487.5,4837.41,500.0,56.93
488.0,4845.32,500.0,56.97
488.5,4853.24,500.0,57.01
489.0,4861.16,500.0,57.05
489.5,4869.08,500.0,57.08
490.0,4877.0199999999995,500.0,57.12
490.5,4884.95,500.0,57.15
491.0,4892.889999999999,500.0,57.19
491.5,4900.84,500.0,57.22
492.0,4908.79,500.0,57.26
492.5,4916.74,500.0,57.29
493.0,4924.7,500.0,57.32
493.5,4932.66,500.0,57.35
494.0,4940.63,500.0,57.38
494.5,4948.599999999999,500.0,57.41
495.0,4956.58,500.0,57.44
495.5,4964.5599999999995,500.0,57.47
496.0,4972.54,500.0,57.49
496.5,4980.53,500.0,57.52
497.0,4988.5199999999995,500.0,57.55
497.5,4996.509999999999,500.0,57.57
498.0,5004.509999999999,500.0,57.6
498.5,5012.509999999999,500.0,57.62
499.0,5020.5199999999995,500.0,57.65
499.5,5028.53,500.0,57.67
500.0,5036.54,500.0,57.69
500.5,5044.55,500.0,57.7
501.0,5052.5599999999995,500.0,57.7
501.5,5060.58,500.0,57.67
502.0,5068.58,500.0,57.62
502.5,5076.58,500.0,57.54
503.0,5084.57,500.0,57.43
503.5,5092.53,500.0,57.3
504.0,5100.48,500.0,57.13
504.5,5108.4,500.0,56.93
505.0,5116.29,500.0,56.71
505.5,5124.15,500.0,56.47
506.0,5131.98,500.0,56.21
506.5,5139.7699999999995,500.0,55.93
507.0,5147.509999999999,500.0,55.64
507.5,5155.219999999999,500.0,55.35
508.0,5162.889999999999,500.0,55.05
508.5,5170.509999999999,500.0,54.75
509.0,5178.099999999999,500.0,54.46
509.5,5185.639999999999,500.0,54.17
510.0,5193.15,500.0,53.9
510.5,5200.61,500.0,53.63
511.0,5208.04,500.0,53.38
511.5,5215.44,500.0,53.15
512.0,5222.8099999999995,500.0,52.94
512.5,5230.15,500.0,52.75
513.0,5237.46,500.0,52.58
513.5,5244.759999999999,500.0,52.43
514.0,5252.03,500.0,52.3
514.5,5259.29,500.0,52.19
515.0,5266.53,500.0,52.11
515.5,5273.759999999999,500.0,52.04
516.0,5280.99,500.0,52.0
516.5,5288.2,500.0,51.97
517.0,5295.42,500.0,51.96
517.5,5302.639999999999,500.0,51.97
518.0,5309.86,500.0,51.99
518.5,5317.08,500.0,52.03
519.0,5324.3099999999995,500.0,52.08
519.5,5331.55,500.0,52.15
520.0,5338.8,500.0,52.22
520.5,5346.0599999999995,500.0,52.3
521.0,5353.33,500.0,52.4
521.5,5360.61,500.0,52.5
522.0,5367.91,500.0,52.61
522.5,5375.219999999999,500.0,52.72
523.0,5382.55,500.0,52.84
523.5,5389.9,500.0,52.96
524.0,5397.259999999999,500.0,53.08
524.5,5404.65,500.0,53.21
525.0,5412.04,500.0,53.34
525.5,5419.46,500.0,53.47
526.0,5426.9,500.0,53.6
526.5,5434.349999999999,500.0,53.73
527.0,5441.82,500.0,53.86
527.5,5449.3099999999995,500.0,53.98
528.0,5456.82,500.0,54.11
528.5,5464.34,500.0,54.24
529.0,5471.88,500.0,54.36
529.5,5479.44,500.0,54.48
530.0,5487.009999999999,500.0,54.6
530.5,5494.61,500.0,54.72
531.0,5502.21,500.0,54.83
531.5,5509.84,500.0,54.94
532.0,5517.48,500.0,55.05
532.5,5525.13,500.0,55.16
533.0,5532.8,500.0,55.26
533.5,5540.48,500.0,55.36
534.0,5548.179999999999,500.0,55.46
534.5,5555.889999999999,500.0,55.55
535.0,5563.61,500.0,55.63
535.5,5571.34,500.0,55.71
536.0,5579.08,500.0,55.78
536.5,5586.83,500.0,55.84
537.0,5594.59,500.0,55.89
537.5,5602.36,500.0,55.94
538.0,5610.13,500.0,55.98
538.5,5617.91,500.0,56.01
539.0,5625.69,500.0,56.04
539.5,5633.48,500.0,56.07
540.0,5641.2699999999995,500.0,56.09
540.5,5649.0599999999995,500.0,56.1
541.0,5656.849999999999,500.0,56.12
541.5,5664.65,500.0,56.13
542.0,5672.44,500.0,56.14
542.5,5680.24,500.0,56.16
543.0,5688.04,500.0,56.17
543.5,5695.84,500.0,56.18
544.0,5703.65,500.0,56.2
544.5,5711.45,500.0,56.21
545.0,5719.259999999999,500.0,56.23
545.5,5727.07,500.0,56.25
546.0,5734.889999999999,500.0,56.27
546.5,5742.7,500.0,56.29
547.0,5750.5199999999995,500.0,56.32
547.5,5758.349999999999,500.0,56.35
548.0,5766.179999999999,500.0,56.38
548.5,5774.009999999999,500.0,56.41
549.0,5781.849999999999,500.0,56.44
549.5,5789.69,500.0,56.48
550.0,5797.53,500.0,56.52
550.5,5805.389999999999,500.0,56.56
551.0,5813.24,500.0,56.6
551.5,5821.11,500.0,56.64
552.0,5828.98,500.0,56.68
552.5,5836.849999999999,500.0,56.73
553.0,5844.74,500.0,56.77
553.5,5852.62,500.0,56.82
554.0,5860.5199999999995,500.0,56.87
554.5,5868.42,500.0,56.91
555.0,5876.33,500.0,56.96
555.5,5884.24,500.0,57.01
556.0,5892.16,500.0,57.06
556.5,5900.09,500.0,57.1
557.0,5908.03,500.0,57.15
557.5,5915.969999999999,500.0,57.2
558.0,5923.91,500.0,57.24
558.5,5931.87,500.0,57.29
559.0,5939.83,500.0,57.34
559.5,5947.8,500.0,57.38
560.0,5955.7699999999995,500.0,57.43
560.5,5963.75,500.0,57.47
561.0,5971.73,500.0,57.51
561.5,5979.719999999999,500.0,57.55
562.0,5987.719999999999,500.0,57.59
562.5,5995.719999999999,500.0,57.63
563.0,6003.73,500.0,57.67
563.5,6011.74,500.0,57.71
564.0,6019.759999999999,500.0,57.75
564.5,6027.78,500.0,57.79
565.0,6035.8099999999995,500.0,57.82
565.5,6043.84,500.0,57.86
566.0,6051.88,500.0,57.89
566.5,6059.92,500.0,57.92
567.0,6067.969999999999,500.0,57.96
567.5,6076.0199999999995,500.0,57.99
568.0,6084.08,500.0,58.02
568.5,6092.139999999999,500.0,58.05
569.0,6100.2,500.0,58.08
569.5,6108.2699999999995,500.0,58.1
570.0,6116.34,500.0,58.13
570.5,6124.42,500.0,58.16
571.0,6132.5,500.0,58.18
571.5,6140.58,500.0,58.21
572.0,6148.67,500.0,58.23
572.5,6156.759999999999,500.0,58.25
573.0,6164.849999999999,500.0,58.28
573.5,6172.94,500.0,58.3
574.0,6181.04,500.0,58.32
574.5,6189.139999999999,500.0,58.34
575.0,6197.25,500.0,58.36
575.5,6205.36,500.0,58.38
576.0,6213.469999999999,500.0,58.4
576.5,6221.58,500.0,58.42
577.0,6229.69,500.0,58.44
577.5,6237.8099999999995,500.0,58.46
578.0,6245.929999999999,500.0,58.47
578.5,6254.0599999999995,500.0,58.49
579.0,6262.179999999999,500.0,58.51
579.5,6270.3099999999995,500.0,58.52
580.0,6278.44,500.0,58.54
580.5,6286.57,500.0,58.56
581.0,6294.7,500.0,58.57
581.5,6302.84,500.0,58.59
582.0,6310.98,500.0,58.6
582.5,6319.12,500.0,58.61
583.0,6327.259999999999,500.0,58.63
583.5,6335.4,500.0,58.64
584.0,6343.55,500.0,58.65
584.5,6351.69,500.0,58.67
585.0,6359.84,500.0,58.68
585.5,6367.99,500.0,58.69
586.0,6376.15,500.0,58.7
586.5,6384.3,500.0,58.72
587.0,6392.46,500.0,58.73
587.5,6400.61,500.0,58.74
588.0,6408.7699999999995,500.0,58.75
588.5,6416.929999999999,500.0,58.76
589.0,6425.099999999999,500.0,58.77
589.5,6433.259999999999,500.0,58.78
590.0,6441.42,500.0,58.79
590.5,6449.59,500.0,58.8
591.0,6457.759999999999,500.0,58.81
591.5,6465.929999999999,500.0,58.82
592.0,6474.099999999999,500.0,58.83
592.5,6482.2699999999995,500.0,58.84
593.0,6490.44,500.0,58.85
593.5,6498.62,500.0,58.86
594.0,6506.79,500.0,58.87
594.5,6514.969999999999,500.0,58.88
595.0,6523.15,500.0,58.89
595.5,6531.33,500.0,58.9
596.0,6539.509999999999,500.0,58.91
596.5,6547.69,500.0,58.92
597.0,6555.88,500.0,58.92
597.5,6564.0599999999995,500.0,58.93
598.0,6572.25,500.0,58.94
598.5,6580.429999999999,500.0,58.95
599.0,6588.62,500.0,58.96
599.5,6596.8099999999995,500.0,58.97
600.0,6605.0,500.0,58.98
600.5,6613.19,500.0,58.99
601.0,6621.389999999999,500.0,58.99
601.5,6629.58,500.0,59.0
602.0,6637.78,500.0,59.01
602.5,6645.969999999999,500.0,59.02
603.0,6654.17,500.0,59.02
603.5,6662.37,500.0,59.03
604.0,6670.57,500.0,59.04
604.5,6678.7699999999995,500.0,59.05
605.0,6686.969999999999,500.0,59.05
605.5,6695.17,500.0,59.06
606.0,6703.37,500.0,59.07
606.5,6711.58,500.0,59.07
607.0,6719.78,500.0,59.08
607.5,6727.99,500.0,59.09
608.0,6736.2,500.0,59.09
608.5,6744.41,500.0,59.1
609.0,6752.61,500.0,59.11
609.5,6760.82,500.0,59.11
610.0,6769.03,500.0,59.12
610.5,6777.24,500.0,59.12
611.0,6785.46,500.0,59.13
611.5,6793.67,500.0,59.13
612.0,6801.88,500.0,59.14
612.5,6810.099999999999,500.0,59.14
613.0,6818.3099999999995,500.0,59.15
613.5,6826.53,500.0,59.15
614.0,6834.74,500.0,59.16
614.5,6842.96,500.0,59.16
615.0,6851.179999999999,500.0,59.17
615.5,6859.4,500.0,59.17
616.0,6867.61,500.0,59.18
616.5,6875.83,500.0,59.19
617.0,6884.05,500.0,59.19
617.5,6892.28,500.0,59.2
618.0,6900.5,500.0,59.2
618.5,6908.719999999999,500.0,59.21
619.0,6916.94,500.0,59.21
619.5,6925.17,500.0,59.22
620.0,6933.389999999999,500.0,59.23
620.5,6941.62,500.0,59.23
621.0,6949.849999999999,500.0,59.24
621.5,6958.08,500.0,59.25
622.0,6966.3099999999995,500.0,59.25
622.5,6974.54,500.0,59.26
623.0,6982.7699999999995,500.0,59.27
623.5,6991.0,500.0,59.27
624.0,6999.23,500.0,59.28
624.5,7007.46,500.0,59.29
625.0,7015.7,500.0,59.29
625.5,7023.929999999999,500.0,59.3
626.0,7032.17,500.0,59.31
626.5,7040.41,500.0,59.31
627.0,7048.65,500.0,59.32
627.5,7056.889999999999,500.0,59.32
628.0,7065.13,500.0,59.33
628.5,7073.37,500.0,59.34
629.0,7081.61,500.0,59.34
629.5,7089.849999999999,500.0,59.35
630.0,7098.09,500.0,59.35
630.5,7106.34,500.0,59.36
631.0,7114.58,500.0,59.36
631.5,7122.83,500.0,59.37
632.0,7131.07,500.0,59.37
632.5,7139.32,500.0,59.38
633.0,7147.57,500.0,59.38
633.5,7155.8099999999995,500.0,59.39
634.0,7164.0599999999995,500.0,59.39
634.5,7172.3099999999995,500.0,59.39
635.0,7180.5599999999995,500.0,59.4
635.5,7188.8099999999995,500.0,59.4
636.0,7197.0599999999995,500.0,59.4
636.5,7205.3099999999995,500.0,59.41
637.0,7213.5599999999995,500.0,59.41
637.5,7221.8099999999995,500.0,59.41
638.0,7230.07,500.0,59.41
638.5,7238.32,500.0,59.41
639.0,7246.57,500.0,59.42
639.5,7254.82,500.0,59.42
640.0,7263.07,500.0,59.42
640.5,7271.33,500.0,59.42
641.0,7279.58,500.0,59.42
641.5,7287.83,500.0,59.42
642.0,7296.09,500.0,59.42
642.5,7304.34,500.0,59.42
643.0,7312.59,500.0,59.42
643.5,7320.84,500.0,59.42
644.0,7329.099999999999,500.0,59.42
644.5,7337.349999999999,500.0,59.42
645.0,7345.599999999999,500.0,59.42
645.5,7353.849999999999,500.0,59.42
646.0,7362.11,500.0,59.41
646.5,7370.36,500.0,59.41
647.0,7378.61,500.0,59.41
647.5,7386.86,500.0,59.41
648.0,7395.11,500.0,59.41
648.5,7403.36,500.0,59.41
649.0,7411.61,500.0,59.4
649.5,7419.86,500.0,59.4
650.0,7428.11,500.0,59.39
650.5,7436.36,500.0,59.38
651.0,7444.61,500.0,59.35
651.5,7452.849999999999,500.0,59.32
652.0,7461.08,500.0,59.28
652.5,7469.3099999999995,500.0,59.22
653.0,7477.53,500.0,59.15
653.5,7485.74,500.0,59.07
654.0,7493.94,500.0,58.97
654.5,7502.12,500.0,58.86
655.0,7510.29,500.0,58.74
655.5,7518.44,500.0,58.61
656.0,7526.57,500.0,58.46
656.5,7534.679999999999,500.0,58.31
657.0,7542.7699999999995,500.0,58.16
657.5,7550.83,500.0,58.0
658.0,7558.88,500.0,57.83
658.5,7566.9,500.0,57.66
659.0,7574.889999999999,500.0,57.49
659.5,7582.87,500.0,57.32
660.0,7590.82,500.0,57.16
660.5,7598.74,500.0,57.0
661.0,7606.65,500.0,56.84
661.5,7614.53,500.0,56.68
662.0,7622.389999999999,500.0,56.54
662.5,7630.24,500.0,56.39
663.0,7638.0599999999995,500.0,56.26
663.5,7645.87,500.0,56.14
664.0,7653.65,500.0,56.02
664.5,7661.429999999999,500.0,55.92
665.0,7669.19,500.0,55.82
665.5,7676.929999999999,500.0,55.73
666.0,7684.67,500.0,55.65
666.5,7692.39,500.0,55.58
667.0,7700.11,500.0,55.52
667.5,7707.820000000001,500.0,55.46
668.0,7715.5199999999995,500.0,55.41
668.5,7723.21,500.0,55.35
669.0,7730.89,500.0,55.29
669.5,7738.570000000001,500.0,55.23
670.0,7746.2300000000005,500.0,55.17
670.5,7753.89,500.0,55.11
671.0,7761.54,500.0,55.05
671.5,7769.179999999999,500.0,54.98
672.0,7776.81,500.0,54.92
672.5,7784.44,500.0,54.85
673.0,7792.05,500.0,54.79
673.5,7799.659999999999,500.0,54.73
674.0,7807.249999999999,500.0,54.68
674.5,7814.849999999999,500.0,54.63
675.0,7822.429999999999,500.0,54.58
675.5,7830.009999999999,500.0,54.53
676.0,7837.579999999999,500.0,54.48
676.5,7845.14,500.0,54.44
677.0,7852.7,500.0,54.39
677.5,7860.249999999999,500.0,54.34
678.0,7867.79,500.0,54.3
678.5,7875.329999999999,500.0,54.25
679.0,7882.86,500.0,54.21
679.5,7890.39,500.0,54.17
680.0,7897.909999999999,500.0,54.13
680.5,7905.429999999999,500.0,54.1
681.0,7912.94,500.0,54.07
681.5,7920.45,500.0,54.05
682.0,7927.95,500.0,54.04
682.5,7935.46,500.0,54.03
683.0,7942.96,500.0,54.04
683.5,7950.47,500.0,54.04
684.0,7957.9800000000005,500.0,54.06
684.5,7965.489999999999,500.0,54.08
685.0,7972.999999999999,500.0,54.12
685.5,7980.5199999999995,500.0,54.15
686.0,7988.04,500.0,54.19
686.5,7995.570000000001,500.0,54.23
687.0,8003.11,500.0,54.28
687.5,8010.650000000001,500.0,54.32
688.0,8018.2,500.0,54.36
688.5,8025.749999999999,500.0,54.4
689.0,8033.31,500.0,54.44
689.5,8040.87,500.0,54.47
690.0,8048.44,500.0,54.51
690.5,8056.009999999999,500.0,54.54
691.0,8063.589999999999,500.0,54.57
691.5,8071.169999999999,500.0,54.6
692.0,8078.749999999999,500.0,54.62
692.5,8086.339999999999,500.0,54.65
693.0,8093.929999999999,500.0,54.68
693.5,8101.53,500.0,54.7
694.0,8109.13,500.0,54.73
694.5,8116.7300000000005,500.0,54.76
695.0,8124.339999999999,500.0,54.79
695.5,8131.95,500.0,54.82
696.0,8139.56,500.0,54.85
696.5,8147.19,500.0,54.88
697.0,8154.81,500.0,54.92
697.5,8162.44,500.0,54.96
698.0,8170.079999999999,500.0,55.0
698.5,8177.72,500.0,55.04
699.0,8185.37,500.0,55.09
699.5,8193.02,500.0,55.13
700.0,8200.68,500.0,55.18
700.5,8208.35,500.0,55.22
701.0,8216.02,500.0,55.26
701.5,8223.7,500.0,55.3
702.0,8231.380000000001,500.0,55.34
702.5,8239.070000000002,500.0,55.38
703.0,8246.76,500.0,55.42
703.5,8254.460000000001,500.0,55.45
704.0,8262.17,500.0,55.48
704.5,8269.880000000001,500.0,55.51
705.0,8277.59,500.0,55.55
705.5,8285.300000000001,500.0,55.58
706.0,8293.03,500.0,55.6
706.5,8300.75,500.0,55.63
707.0,8308.480000000001,500.0,55.66
707.5,8316.210000000001,500.0,55.69
708.0,8323.95,500.0,55.72
708.5,8331.69,500.0,55.75
709.0,8339.43,500.0,55.78
709.5,8347.18,500.0,55.81
710.0,8354.94,500.0,55.84
710.5,8362.7,500.0,55.87
711.0,8370.460000000001,500.0,55.91
711.5,8378.230000000001,500.0,55.94
712.0,8386.0,500.0,55.97
712.5,8393.77,500.0,56.01
713.0,8401.550000000001,500.0,56.04
713.5,8409.34,500.0,56.08
714.0,8417.130000000001,500.0,56.11
714.5,8424.93,500.0,56.15
715.0,8432.730000000001,500.0,56.18
715.5,8440.53,500.0,56.22
716.0,8448.34,500.0,56.25
716.5,8456.16,500.0,56.29
717.0,8463.980000000001,500.0,56.33
717.5,8471.810000000001,500.0,56.36
718.0,8479.640000000001,500.0,56.4
718.5,8487.470000000001,500.0,56.44
719.0,8495.310000000001,500.0,56.47
719.5,8503.16,500.0,56.51
720.0,8511.01,500.0,56.55
720.5,8518.87,500.0,56.58
721.0,8526.730000000001,500.0,56.62
721.5,8534.6,500.0,56.66
722.0,8542.470000000001,500.0,56.69
722.5,8550.34,500.0,56.72
723.0,8558.220000000001,500.0,56.75
723.5,8566.11,500.0,56.78
724.0,8574.0,500.0,56.8
724.5,8581.890000000001,500.0,56.82
725.0,8589.78,500.0,56.84
725.5,8597.68,500.0,56.85
726.0,8605.570000000002,500.0,56.86
726.5,8613.470000000001,500.0,56.86
727.0,8621.37,500.0,56.86
727.5,8629.26,500.0,56.86
728.0,8637.16,500.0,56.86
728.5,8645.060000000001,500.0,56.86
729.0,8652.960000000001,500.0,56.86
729.5,8660.85,500.0,56.86
730.0,8668.75,500.0,56.85
730.5,8676.650000000001,500.0,56.85
731.0,8684.54,500.0,56.85
731.5,8692.44,500.0,56.85
732.0,8700.34,500.0,56.85
732.5,8708.230000000001,500.0,56.86
733.0,8716.130000000001,500.0,56.87
733.5,8724.03,500.0,56.87
734.0,8731.93,500.0,56.89
734.5,8739.83,500.0,56.9
735.0,8747.730000000001,500.0,56.91
735.5,8755.640000000001,500.0,56.93
736.0,8763.550000000001,500.0,56.95
736.5,8771.460000000001,500.0,56.97
737.0,8779.37,500.0,56.99
737.5,8787.29,500.0,57.02
738.0,8795.210000000001,500.0,57.05
738.5,8803.140000000001,500.0,57.07
739.0,8811.070000000002,500.0,57.1
739.5,8819.0,500.0,57.14
740.0,8826.94,500.0,57.17
740.5,8834.880000000001,500.0,57.2
741.0,8842.83,500.0,57.24
741.5,8850.78,500.0,57.27
742.0,8858.74,500.0,57.31
742.5,8866.7,500.0,57.34
743.0,8874.66,500.0,57.38
743.5,8882.640000000001,500.0,57.42
744.0,8890.61,500.0,57.45
744.5,8898.6,500.0,57.49
745.0,8906.58,500.0,57.53
745.5,8914.58,500.0,57.57
746.0,8922.570000000002,500.0,57.6
746.5,8930.58,500.0,57.64
747.0,8938.59,500.0,57.68
747.5,8946.6,500.0,57.71
748.0,8954.62,500.0,57.75
748.5,8962.640000000001,500.0,57.78
749.0,8970.67,500.0,57.82
749.5,8978.7,500.0,57.85
750.0,8986.74,500.0,57.89
750.5,8994.78,500.0,57.92
751.0,9002.83,500.0,57.95
751.5,9010.880000000001,500.0,57.99
752.0,9018.93,500.0,58.02
752.5,9026.99,500.0,58.05
753.0,9035.060000000001,500.0,58.08
753.5,9043.130000000001,500.0,58.11
754.0,9051.2,500.0,58.14
754.5,9059.28,500.0,58.17
755.0,9067.36,500.0,58.19
755.5,9075.44,500.0,58.22
756.0,9083.53,500.0,58.25
756.5,9091.62,500.0,58.28
757.0,9099.720000000001,500.0,58.3
757.5,9107.820000000002,500.0,58.33
758.0,9115.92,500.0,58.35
758.5,9124.03,500.0,58.38
759.0,9132.140000000001,500.0,58.4
759.5,9140.25,500.0,58.43
760.0,9148.37,500.0,58.45
760.5,9156.49,500.0,58.47
761.0,9164.61,500.0,58.49
761.5,9172.730000000001,500.0,58.51
762.0,9180.86,500.0,58.53
762.5,9188.99,500.0,58.55
763.0,9197.130000000001,500.0,58.57
763.5,9205.26,500.0,58.59
764.0,9213.400000000001,500.0,58.6
764.5,9221.54,500.0,58.62
765.0,9229.68,500.0,58.63
765.5,9237.83,500.0,58.65
766.0,9245.970000000001,500.0,58.66
766.5,9254.12,500.0,58.67
767.0,9262.27,500.0,58.68
767.5,9270.42,500.0,58.69
768.0,9278.58,500.0,58.7
768.5,9286.730000000001,500.0,58.71
769.0,9294.880000000001,500.0,58.72
769.5,9303.04,500.0,58.72
770.0,9311.2,500.0,58.73
770.5,9319.35,500.0,58.74
771.0,9327.51,500.0,58.74
771.5,9335.67,500.0,58.75
772.0,9343.83,500.0,58.75
772.5,9351.99,500.0,58.75
773.0,9360.150000000001,500.0,58.76
773.5,9368.310000000001,500.0,58.76
774.0,9376.470000000001,500.0,58.77
774.5,9384.640000000001,500.0,58.77
775.0,9392.800000000001,500.0,58.78
775.5,9400.960000000001,500.0,58.78
776.0,9409.130000000001,500.0,58.78
776.5,9417.29,500.0,58.79
777.0,9425.460000000001,500.0,58.79
777.5,9433.62,500.0,58.8
778.0,9441.79,500.0,58.8
778.5,9449.960000000001,500.0,58.81
779.0,9458.12,500.0,58.81
779.5,9466.29,500.0,58.82
780.0,9474.460000000001,500.0,58.83
780.5,9482.630000000001,500.0,58.83
781.0,9490.810000000001,500.0,58.84
781.5,9498.980000000001,500.0,58.84
782.0,9507.150000000001,500.0,58.85
782.5,9515.33,500.0,58.86
783.0,9523.5,500.0,58.87
783.5,9531.68,500.0,58.87
784.0,9539.85,500.0,58.88
784.5,9548.03,500.0,58.89
785.0,9556.210000000001,500.0,58.9
785.5,9564.390000000001,500.0,58.91
786.0,9572.570000000002,500.0,58.91
786.5,9580.76,500.0,58.92
787.0,9588.94,500.0,58.93
787.5,9597.130000000001,500.0,58.94
788.0,9605.310000000001,500.0,58.95
788.5,9613.5,500.0,58.95
789.0,9621.69,500.0,58.96
789.5,9629.880000000001,500.0,58.97
790.0,9638.070000000002,500.0,58.98
790.5,9646.26,500.0,58.98
791.0,9654.45,500.0,58.99
791.5,9662.650000000001,500.0,59.0
792.0,9670.84,500.0,59.0
792.5,9679.04,500.0,59.01
793.0,9687.230000000001,500.0,59.02
793.5,9695.43,500.0,59.02
794.0,9703.630000000001,500.0,59.03
794.5,9711.83,500.0,59.04
795.0,9720.03,500.0,59.04
795.5,9728.230000000001,500.0,59.05
796.0,9736.43,500.0,59.06
796.5,9744.640000000001,500.0,59.07
797.0,9752.84,500.0,59.08
797.5,9761.050000000001,500.0,59.09
798.0,9769.25,500.0,59.1
798.5,9777.460000000001,500.0,59.11
799.0,9785.67,500.0,59.12
799.5,9793.890000000001,500.0,59.13
800.0,9802.1,500.0,59.14
800.5,9810.310000000001,500.0,59.15
801.0,9818.53,500.0,59.17
801.5,9826.75,500.0,59.18
802.0,9834.970000000001,500.0,59.19
802.5,9843.19,500.0,59.21
803.0,9851.42,500.0,59.22
803.5,9859.640000000001,500.0,59.24
804.0,9867.87,500.0,59.27
804.5,9876.11,500.0,59.32
805.0,9884.35,500.0,59.38
805.5,9892.6,500.0,59.46
806.0,9900.87,500.0,59.57
806.5,9909.150000000001,500.0,59.71
807.0,9917.460000000001,500.0,59.88
807.5,9925.79,500.0,60.07
808.0,9934.140000000001,500.0,60.28
808.5,9942.53,500.0,60.5
809.0,9950.970000000001,500.0,61.16
809.5,9959.52,500.0,61.89
810.0,9968.16,500.0,62.57
810.5,9976.900000000001,500.0,63.2
811.0,9985.720000000001,500.0,63.79
811.5,9994.62,500.0,64.33
812.0,101.38,500.0,62.88
812.5,110.13,500.0,63.23
813.0,118.93999999999994,500.0,63.54
813.5,127.77999999999997,500.0,63.83
814.0,136.66999999999996,500.0,64.09
814.5,145.57999999999993,500.0,64.32
815.0,154.52999999999997,500.0,64.54
815.5,163.51,500.0,64.73
816.0,172.51,500.0,64.91
816.5,181.53999999999996,500.0,65.07
817.0,190.58999999999992,500.0,65.21
817.5,199.64999999999998,500.0,65.34
818.0,208.73000000000002,500.0,65.45
818.5,217.82999999999993,500.0,65.55
819.0,226.93999999999994,500.0,65.64
819.5,236.06999999999994,500.0,65.73
820.0,245.19999999999993,500.0,65.8
820.5,254.33999999999992,500.0,65.86
821.0,263.49,500.0,65.92
821.5,272.65,500.0,65.96
822.0,281.81999999999994,500.0,66.01
822.5,290.99,500.0,66.04
823.0,300.15999999999997,500.0,66.07
823.5,309.3399999999999,500.0,66.1
824.0,318.52,500.0,66.12
824.5,327.69999999999993,500.0,66.13
825.0,336.89,500.0,66.14
825.5,346.0799999999999,500.0,66.15
826.0,355.27,500.0,66.16
826.5,364.44999999999993,500.0,66.16
827.0,373.64,500.0,66.16
827.5,382.8299999999999,500.0,66.15
828.0,392.02,500.0,66.15
828.5,401.2099999999999,500.0,66.14
829.0,410.39,500.0,66.13
829.5,419.56999999999994,500.0,66.11
830.0,428.76,500.0,66.1
830.5,437.92999999999995,500.0,66.09
831.0,447.11,500.0,66.07
831.5,456.28999999999996,500.0,66.05
832.0,465.4599999999999,500.0,66.03
832.5,474.63,500.0,66.01
833.0,483.79999999999995,500.0,65.99
833.5,492.9599999999999,500.0,65.97
834.0,502.12,500.0,65.94
834.5,511.28,500.0,65.92
835.0,520.43,500.0,65.9
835.5,529.5799999999999,500.0,65.88
836.0,538.73,500.0,65.88
836.5,547.8799999999999,500.0,65.87
837.0,557.03,500.0,65.87
837.5,566.1800000000001,500.0,65.88
838.0,575.3299999999999,500.0,65.89
838.5,584.48,500.0,65.89
839.0,593.6299999999999,500.0,65.9
839.5,602.77,500.0,65.54
840.0,611.8399999999999,500.0,65.18
840.5,620.8699999999999,500.0,64.89
841.0,629.8699999999999,500.0,64.65
841.5,638.8399999999999,500.0,64.47
842.0,647.78,500.0,64.33
842.5,656.71,500.0,64.22
843.0,665.6199999999999,500.0,64.14
843.5,674.52,500.0,64.08
844.0,683.4200000000001,500.0,64.03
844.5,692.31,500.0,64.0
845.0,701.2,500.0,63.98
845.5,710.0899999999999,500.0,63.97
846.0,718.97,500.0,63.97
846.5,727.8599999999999,500.0,63.98
847.0,736.74,500.0,63.98
847.5,745.6299999999999,500.0,63.99
848.0,754.52,500.0,64.01
848.5,763.4100000000001,500.0,64.02
849.0,772.3,500.0,64.04
849.5,781.2,500.0,64.05
850.0,790.0899999999999,500.0,64.06
850.5,798.99,500.0,64.08
851.0,807.8899999999999,500.0,64.09
851.5,816.79,500.0,64.1
852.0,825.7,500.0,64.11
852.5,834.5999999999999,500.0,64.12
853.0,843.51,500.0,64.12
853.5,852.4100000000001,500.0,64.13
854.0,861.3199999999999,500.0,64.13
854.5,870.23,500.0,64.13
855.0,879.1299999999999,500.0,64.13
855.5,888.04,500.0,64.12
856.0,896.95,500.0,64.12
856.5,905.8499999999999,500.0,64.11
857.0,914.75,500.0,64.1
857.5,923.6600000000001,500.0,64.09
858.0,932.56,500.0,64.08
858.5,941.45,500.0,64.06
859.0,950.3499999999999,500.0,64.05
859.5,959.24,500.0,64.03
860.0,968.1399999999999,500.0,64.01
860.5,977.03,500.0,63.99
861.0,985.9100000000001,500.0,63.97
861.5,994.79,500.0,63.95
862.0,1003.6700000000001,500.0,63.93
862.5,1012.55,500.0,63.9
863.0,1021.4300000000001,500.0,63.88
863.5,1030.3,500.0,63.85
864.0,1039.16,500.0,63.82
864.5,1048.02,500.0,63.8
865.0,1056.8799999999999,500.0,63.77
865.5,1065.74,500.0,63.74
866.0,1074.59,500.0,63.72
866.5,1083.44,500.0,63.69
867.0,1092.28,500.0,63.66
867.5,1101.12,500.0,63.63
868.0,1109.96,500.0,63.6
868.5,1118.79,500.0,63.57
869.0,1127.61,500.0,63.54
869.5,1136.44,500.0,63.51
870.0,1145.26,500.0,63.49
870.5,1154.07,500.0,63.46
871.0,1162.8799999999999,500.0,63.43
871.5,1171.69,500.0,63.4
872.0,1180.49,500.0,63.37
872.5,1189.29,500.0,63.34
873.0,1198.09,500.0,63.32
873.5,1206.8799999999999,500.0,63.29
874.0,1215.67,500.0,63.26
874.5,1224.46,500.0,63.24
875.0,1233.24,500.0,63.21
875.5,1242.01,500.0,63.18
876.0,1250.79,500.0,63.16
876.5,1259.56,500.0,63.13
877.0,1268.32,500.0,63.11
877.5,1277.09,500.0,63.08
878.0,1285.85,500.0,63.06
878.5,1294.6,500.0,63.04
879.0,1303.36,500.0,63.01
879.5,1312.11,500.0,62.99
880.0,1320.86,500.0,62.97
880.5,1329.6,500.0,62.95
881.0,1338.34,500.0,62.93
881.5,1347.08,500.0,62.91
882.0,1355.82,500.0,62.89
882.5,1364.55,500.0,62.87
883.0,1373.28,500.0,62.85
883.5,1382.01,500.0,62.83
884.0,1390.73,500.0,62.81
884.5,1399.45,500.0,62.79
885.0,1408.17,500.0,62.77
885.5,1416.8899999999999,500.0,62.75
886.0,1425.6,500.0,62.73
886.5,1434.31,500.0,62.72
887.0,1443.02,500.0,62.7
887.5,1451.73,500.0,62.68
888.0,1460.43,500.0,62.67
888.5,1469.1399999999999,500.0,62.65
889.0,1477.84,500.0,62.63
889.5,1486.53,500.0,62.62
890.0,1495.23,500.0,62.6
890.5,1503.92,500.0,62.59
891.0,1512.62,500.0,62.57
891.5,1521.3,500.0,62.55
892.0,1529.99,500.0,62.54
892.5,1538.68,500.0,62.53
893.0,1547.36,500.0,62.51
893.5,1556.0400000000002,500.0,62.5
894.0,1564.72,500.0,62.48
894.5,1573.3999999999999,500.0,62.47
895.0,1582.07,500.0,62.45
895.5,1590.7499999999998,500.0,62.44
896.0,1599.4199999999998,500.0,62.43
896.5,1608.09,500.0,62.41
897.0,1616.7499999999998,500.0,62.4
897.5,1625.4199999999998,500.0,62.39
898.0,1634.0800000000002,500.0,62.37
898.5,1642.74,500.0,62.36
899.0,1651.3999999999999,500.0,62.35
899.5,1660.0600000000002,500.0,62.33
900.0,1668.72,500.0,62.32
900.5,1677.3700000000001,500.0,62.31
901.0,1686.03,500.0,62.29
901.5,1694.68,500.0,62.28
902.0,1703.3300000000002,500.0,62.27
902.5,1711.9799999999998,500.0,62.26
903.0,1720.6200000000001,500.0,62.24
903.5,1729.2699999999998,500.0,62.23
904.0,1737.91,500.0,62.22
904.5,1746.55,500.0,62.21
905.0,1755.1899999999998,500.0,62.2
905.5,1763.8300000000002,500.0,62.18
906.0,1772.4599999999998,500.0,62.17
906.5,1781.1000000000001,500.0,62.16
907.0,1789.7299999999998,500.0,62.15
907.5,1798.36,500.0,62.14
908.0,1806.99,500.0,62.12
908.5,1815.6200000000001,500.0,62.11
909.0,1824.24,500.0,62.1
909.5,1832.8700000000001,500.0,62.09
910.0,1841.49,500.0,62.08
910.5,1850.11,500.0,62.07
911.0,1858.7299999999998,500.0,62.05
911.5,1867.3500000000001,500.0,62.04
912.0,1875.9599999999998,500.0,62.03
912.5,1884.5800000000002,500.0,62.02
913.0,1893.1899999999998,500.0,62.01
913.5,1901.8,500.0,62.0
914.0,1910.41,500.0,61.99
914.5,1919.0199999999998,500.0,61.97
915.0,1927.6299999999999,500.0,61.96
915.5,1936.2299999999998,500.0,61.95
916.0,1944.84,500.0,61.94
916.5,1953.4399999999998,500.0,61.93
917.0,1962.0400000000002,500.0,61.92
917.5,1970.64,500.0,61.91
918.0,1979.2299999999998,500.0,61.89
918.5,1987.8300000000002,500.0,61.88
919.0,1996.4199999999998,500.0,61.87
919.5,2005.0199999999998,500.0,61.86
920.0,2013.61,500.0,61.85
920.5,2022.2,500.0,61.83
921.0,2030.78,500.0,61.82
921.5,2039.3700000000001,500.0,61.81
922.0,2047.95,500.0,61.8
922.5,2056.5299999999997,500.0,61.78
923.0,2065.1099999999997,500.0,61.77
923.5,2073.6899999999996,500.0,61.76
924.0,2082.2699999999995,500.0,61.75
924.5,2090.8500000000004,500.0,61.73
925.0,2099.42,500.0,61.72
925.5,2107.99,500.0,61.71
926.0,2116.5600000000004,500.0,61.69
926.5,2125.13,500.0,61.68
927.0,2133.6899999999996,500.0,61.67
927.5,2142.26,500.0,61.65
928.0,2150.8199999999997,500.0,61.64
928.5,2159.38,500.0,61.62
929.0,2167.9300000000003,500.0,61.61
929.5,2176.49,500.0,61.59
930.0,2185.04,500.0,61.58
930.5,2193.6000000000004,500.0,61.56
931.0,2202.1400000000003,500.0,61.55
931.5,2210.6899999999996,500.0,61.53
932.0,2219.24,500.0,61.52
932.5,2227.7799999999997,500.0,61.5
933.0,2236.3199999999997,500.0,61.48
933.5,2244.8599999999997,500.0,61.46
934.0,2253.3900000000003,500.0,61.44
934.5,2261.92,500.0,61.41
935.0,2270.4399999999996,500.0,60.67
935.5,2278.7,500.0,58.55
936.0,2286.76,500.0,57.61
936.5,2294.7299999999996,500.0,57.22
937.0,2302.66,500.0,57.1
937.5,2310.6000000000004,500.0,57.14
938.0,2318.54,500.0,57.27
938.5,2326.51,500.0,57.44
939.0,2334.5,500.0,57.64
939.5,2342.5199999999995,500.0,57.83
940.0,2350.5600000000004,500.0,58.03
940.5,2358.63,500.0,58.2
941.0,2366.7299999999996,500.0,58.36
941.5,2374.84,500.0,58.5
942.0,2382.9799999999996,500.0,58.61
942.5,2391.12,500.0,58.7
943.0,2399.2799999999997,500.0,58.76
943.5,2407.45,500.0,58.81
944.0,2415.62,500.0,58.82
944.5,2423.79,500.0,58.82
945.0,2431.95,500.0,58.8
945.5,2440.12,500.0,58.76
946.0,2448.2799999999997,500.0,58.71
946.5,2456.4300000000003,500.0,58.65
947.0,2464.5699999999997,500.0,58.58
947.5,2472.7,500.0,58.5
948.0,2480.8199999999997,500.0,58.41
948.5,2488.9300000000003,500.0,58.33
949.0,2497.0199999999995,500.0,58.24
949.5,2505.1000000000004,500.0,58.15
950.0,2513.17,500.0,58.06
950.5,2521.2299999999996,500.0,57.98
951.0,2529.2799999999997,500.0,57.9
951.5,2537.3100000000004,500.0,57.82
952.0,2545.34,500.0,57.75
952.5,2553.3599999999997,500.0,57.68
953.0,2561.37,500.0,57.79
953.5,2569.41,500.0,57.99
954.0,2577.4799999999996,500.0,58.17
954.5,2585.5699999999997,500.0,58.32
955.0,2593.6800000000003,500.0,58.46
955.5,2601.8100000000004,500.0,58.58
956.0,2609.95,500.0,58.68
956.5,2618.1099999999997,500.0,58.77
957.0,2626.2699999999995,500.0,58.85
957.5,2634.45,500.0,58.92
958.0,2642.6400000000003,500.0,58.97
958.5,2650.83,500.0,59.02
959.0,2659.0299999999997,500.0,59.07
959.5,2667.24,500.0,59.1
960.0,2675.45,500.0,59.13
960.5,2683.67,500.0,59.16
961.0,2691.88,500.0,59.18
961.5,2700.1099999999997,500.0,59.2
962.0,2708.33,500.0,59.22
962.5,2716.55,500.0,59.23
963.0,2724.7799999999997,500.0,59.24
963.5,2733.01,500.0,59.25
964.0,2741.24,500.0,59.26
964.5,2749.4700000000003,500.0,59.27
965.0,2757.7,500.0,59.27
965.5,2765.9399999999996,500.0,59.28
966.0,2774.17,500.0,59.28
966.5,2782.3999999999996,500.0,59.28
967.0,2790.6400000000003,500.0,59.28
967.5,2798.87,500.0,59.29
968.0,2807.1000000000004,500.0,59.29
968.5,2815.34,500.0,59.29
969.0,2823.5699999999997,500.0,59.29
969.5,2831.8100000000004,500.0,59.29
970.0,2840.04,500.0,59.29
970.5,2848.2799999999997,500.0,59.29
971.0,2856.51,500.0,59.3
971.5,2864.75,500.0,59.3
972.0,2872.99,500.0,59.3
972.5,2881.2200000000003,500.0,59.3
973.0,2889.46,500.0,59.3
973.5,2897.6899999999996,500.0,59.3
974.0,2905.9300000000003,500.0,59.31
974.5,2914.17,500.0,59.31
975.0,2922.41,500.0,59.31
975.5,2930.6400000000003,500.0,59.31
976.0,2938.88,500.0,59.32
976.5,2947.12,500.0,59.32
977.0,2955.3599999999997,500.0,59.32
977.5,2963.6000000000004,500.0,59.33
978.0,2971.84,500.0,59.33
978.5,2980.08,500.0,59.33
979.0,2988.3199999999997,500.0,59.34
979.5,2996.5600000000004,500.0,59.34
980.0,3004.8100000000004,500.0,59.35
980.5,3013.05,500.0,59.35
981.0,3021.29,500.0,59.36
981.5,3029.54,500.0,59.36
982.0,3037.7799999999997,500.0,59.37
982.5,3046.0299999999997,500.0,59.37
983.0,3054.2799999999997,500.0,59.38
983.5,3062.5199999999995,500.0,59.39
984.0,3070.7699999999995,500.0,59.39
984.5,3079.0199999999995,500.0,59.4
985.0,3087.2699999999995,500.0,59.41
985.5,3095.5199999999995,500.0,59.41
986.0,3103.7799999999997,500.0,59.42
986.5,3112.0299999999997,500.0,59.43
987.0,3120.2799999999997,500.0,59.43
987.5,3128.54,500.0,59.44
988.0,3136.79,500.0,59.45
988.5,3145.05,500.0,59.46
989.0,3153.3100000000004,500.0,59.46
989.5,3161.5699999999997,500.0,59.47
990.0,3169.83,500.0,59.48
990.5,3178.09,500.0,59.48
991.0,3186.3500000000004,500.0,59.48
991.5,3194.6099999999997,500.0,59.47
992.0,3202.87,500.0,59.45
992.5,3211.12,500.0,59.41
993.0,3219.37,500.0,59.37
993.5,3227.62,500.0,59.32
994.0,3235.8500000000004,500.0,59.25
994.5,3244.0699999999997,500.0,59.17
995.0,3252.29,500.0,59.09
995.5,3260.4700000000003,500.0,58.1
996.0,3268.33,500.0,55.4
996.5,3275.9300000000003,500.0,54.24
997.0,3283.4300000000003,500.0,53.75
997.5,3290.88,500.0,53.59
998.0,3298.3199999999997,500.0,53.62
998.5,3305.7799999999997,500.0,53.75
999.0,3313.26,500.0,53.94
999.5,3320.76,500.0,54.16
1000.0,3328.3,500.0,54.4
1000.5,3335.87,500.0,54.63
1001.0,3343.4799999999996,500.0,55.0
1001.5,3351.1499999999996,500.0,55.44
1002.0,3358.88,500.0,55.82
1002.5,3366.66,500.0,56.17
1003.0,3374.4799999999996,500.0,56.47
1003.5,3382.34,500.0,56.75
1004.0,3390.24,500.0,56.99
1004.5,3398.17,500.0,57.21
1005.0,3406.13,500.0,57.41
1005.5,3414.12,500.0,57.58
1006.0,3422.13,500.0,57.74
1006.5,3430.16,500.0,57.88
1007.0,3438.2,500.0,58.0
1007.5,3446.2699999999995,500.0,58.12
1008.0,3454.3500000000004,500.0,58.22
1008.5,3462.4399999999996,500.0,58.31
1009.0,3470.55,500.0,58.4
1009.5,3478.66,500.0,58.48
1010.0,3486.79,500.0,58.55
1010.5,3494.92,500.0,58.61
1011.0,3503.0699999999997,500.0,58.67
1011.5,3511.2200000000003,500.0,58.73
1012.0,3519.38,500.0,58.78
1012.5,3527.55,500.0,58.83
1013.0,3535.7299999999996,500.0,58.88
1013.5,3543.91,500.0,58.92
1014.0,3552.09,500.0,58.95
1014.5,3560.2799999999997,500.0,58.97
1015.0,3568.4700000000003,500.0,58.98
1015.5,3576.66,500.0,58.98
1016.0,3584.8500000000004,500.0,58.96
1016.5,3593.04,500.0,58.93
1017.0,3601.2199999999993,500.0,58.89
1017.5,3609.3999999999996,500.0,58.84
1018.0,3617.5699999999997,500.0,58.78
1018.5,3625.7299999999996,500.0,58.7
1019.0,3633.87,500.0,58.62
1019.5,3642.0099999999993,500.0,58.52
1020.0,3650.13,500.0,58.43
1020.5,3658.24,500.0,58.32
1021.0,3666.33,500.0,58.21
1021.5,3674.41,500.0,58.1
1022.0,3682.4699999999993,500.0,57.99
1022.5,3690.5199999999995,500.0,57.88
1023.0,3698.55,500.0,57.76
1023.5,3706.5599999999995,500.0,57.65
1024.0,3714.5599999999995,500.0,57.55
1024.5,3722.55,500.0,57.44
1025.0,3730.5199999999995,500.0,57.34
1025.5,3738.4799999999996,500.0,57.25
1026.0,3746.42,500.0,57.16
1026.5,3754.3499999999995,500.0,57.07
1027.0,3762.2699999999995,500.0,56.99
1027.5,3770.1799999999994,500.0,56.92
1028.0,3778.09,500.0,56.86
1028.5,3785.9799999999996,500.0,56.8
1029.0,3793.8599999999997,500.0,56.74
1029.5,3801.74,500.0,56.7
1030.0,3809.6099999999997,500.0,56.66
1030.5,3817.4799999999996,500.0,56.62
1031.0,3825.34,500.0,56.6
1031.5,3833.2,500.0,56.58
1032.0,3841.0599999999995,500.0,56.56
1032.5,3848.91,500.0,56.56
1033.0,3856.7699999999995,500.0,56.55
1033.5,3864.62,500.0,56.56
1034.0,3872.4799999999996,500.0,56.56
1034.5,3880.34,500.0,56.58
1035.0,3888.1899999999996,500.0,56.6
1035.5,3896.0599999999995,500.0,56.62
1036.0,3903.92,500.0,56.65
1036.5,3911.79,500.0,56.68
1037.0,3919.67,500.0,56.71
1037.5,3927.55,500.0,56.75
1038.0,3935.4299999999994,500.0,56.79
1038.5,3943.3199999999997,500.0,56.84
1039.0,3951.2199999999993,500.0,56.89
1039.5,3959.12,500.0,56.94
1040.0,3967.04,500.0,56.99
1040.5,3974.95,500.0,57.04
1041.0,3982.88,500.0,57.1
1041.5,3990.8199999999997,500.0,57.16
1042.0,3998.7599999999993,500.0,57.22
1042.5,4006.71,500.0,57.28
1043.0,4014.67,500.0,57.34
1043.5,4022.6399999999994,500.0,57.41
1044.0,4030.62,500.0,57.47
1044.5,4038.5999999999995,500.0,57.54
1045.0,4046.5999999999995,500.0,57.6
1045.5,4054.5999999999995,500.0,57.67
1046.0,4062.62,500.0,57.73
1046.5,4070.6399999999994,500.0,57.8
1047.0,4078.67,500.0,57.85
1047.5,4086.71,500.0,57.9
1048.0,4094.7599999999993,500.0,57.94
1048.5,4102.8,500.0,57.96
1049.0,4110.86,500.0,57.97
1049.5,4118.91,500.0,57.96
1050.0,4126.95,500.0,57.94
1050.5,4135.0,500.0,57.91
1051.0,4143.04,500.0,57.87
1051.5,4151.08,500.0,57.83
1052.0,4159.099999999999,500.0,57.77
1052.5,4167.12,500.0,57.72
1053.0,4175.139999999999,500.0,57.66
1053.5,4183.139999999999,500.0,57.6
1054.0,4191.13,500.0,57.54
1054.5,4199.12,500.0,57.49
1055.0,4207.099999999999,500.0,57.44
1055.5,4215.08,500.0,57.39
1056.0,4223.05,500.0,57.36
1056.5,4231.009999999999,500.0,57.33
1057.0,4238.969999999999,500.0,57.31
1057.5,4246.929999999999,500.0,57.29
1058.0,4254.889999999999,500.0,57.29
1058.5,4262.84,500.0,57.29
1059.0,4270.8,500.0,57.31
1059.5,4278.759999999999,500.0,57.33
1060.0,4286.73,500.0,57.36
1060.5,4294.7,500.0,57.39
1061.0,4302.67,500.0,57.43
1061.5,4310.65,500.0,57.48
1062.0,4318.639999999999,500.0,57.54
1062.5,4326.63,500.0,57.6
1063.0,4334.639999999999,500.0,57.66
1063.5,4342.65,500.0,57.73
1064.0,4350.67,500.0,57.81
1064.5,4358.71,500.0,57.88
1065.0,4366.75,500.0,57.96
1065.5,4374.8099999999995,500.0,58.04
1066.0,4382.88,500.0,58.12
1066.5,4390.95,500.0,58.21
1067.0,4399.04,500.0,58.29
1067.5,4407.15,500.0,58.38
1068.0,4415.259999999999,500.0,58.46
1068.5,4423.38,500.0,58.54
1069.0,4431.5199999999995,500.0,58.63
1069.5,4439.67,500.0,58.71
1070.0,4447.83,500.0,58.79
1070.5,4456.0,500.0,58.87
1071.0,4464.179999999999,500.0,58.95
1071.5,4472.38,500.0,59.03
1072.0,4480.58,500.0,59.1
1072.5,4488.79,500.0,59.17
1073.0,4497.0199999999995,500.0,59.25
1073.5,4505.25,500.0,59.31
1074.0,4513.49,500.0,59.38
1074.5,4521.74,500.0,59.44
1075.0,4530.0,500.0,59.49
1075.5,4538.2699999999995,500.0,59.54
1076.0,4546.54,500.0,59.57
1076.5,4554.82,500.0,59.6
1077.0,4563.099999999999,500.0,59.61
1077.5,4571.38,500.0,59.61
1078.0,4579.65,500.0,59.6
1078.5,4587.929999999999,500.0,59.59
1079.0,4596.21,500.0,59.56
1079.5,4604.48,500.0,59.53
1080.0,4612.74,500.0,59.49
1080.5,4621.0,500.0,59.45
1081.0,4629.259999999999,500.0,59.4
1081.5,4637.5,500.0,59.36
1082.0,4645.74,500.0,59.31
1082.5,4653.98,500.0,59.26
1083.0,4662.2,500.0,59.21
1083.5,4670.42,500.0,59.17
1084.0,4678.639999999999,500.0,59.12
1084.5,4686.849999999999,500.0,59.08
1085.0,4695.05,500.0,59.05
1085.5,4703.25,500.0,59.02
1086.0,4711.44,500.0,58.99
1086.5,4719.639999999999,500.0,58.97
1087.0,4727.83,500.0,58.96
1087.5,4736.009999999999,500.0,58.95
1088.0,4744.2,500.0,58.94
1088.5,4752.389999999999,500.0,58.94
1089.0,4760.57,500.0,58.95
1089.5,4768.759999999999,500.0,58.96
1090.0,4776.95,500.0,58.98
1090.5,4785.139999999999,500.0,59.0
1091.0,4793.34,500.0,59.02
1091.5,4801.54,500.0,59.05
1092.0,4809.74,500.0,59.09
1092.5,4817.95,500.0,59.12
1093.0,4826.17,500.0,59.16
1093.5,4834.389999999999,500.0,59.21
1094.0,4842.61,500.0,59.26
1094.5,4850.849999999999,500.0,59.31
1095.0,4859.09,500.0,59.36
1095.5,4867.33,500.0,59.41
1096.0,4875.59,500.0,59.46
1096.5,4883.849999999999,500.0,59.52
1097.0,4892.12,500.0,59.58
1097.5,4900.4,500.0,59.63
1098.0,4908.69,500.0,59.69
1098.5,4916.98,500.0,59.75
1099.0,4925.28,500.0,59.8
1099.5,4933.59,500.0,59.86
1100.0,4941.91,500.0,59.92
1100.5,4950.24,500.0,59.97
1101.0,4958.57,500.0,60.03
1101.5,4966.91,500.0,60.08
1102.0,4975.259999999999,500.0,60.13
1102.5,4983.61,500.0,60.18
1103.0,4991.98,500.0,60.23
1103.5,5000.349999999999,500.0,60.28
1104.0,5008.719999999999,500.0,60.33
1104.5,5017.099999999999,500.0,60.37
1105.0,5025.49,500.0,60.41
1105.5,5033.88,500.0,60.46
1106.0,5042.28,500.0,60.49
1106.5,5050.69,500.0,60.53
1107.0,5059.099999999999,500.0,60.57
1107.5,5067.509999999999,500.0,60.6
1108.0,5075.929999999999,500.0,60.63
1108.5,5084.36,500.0,60.66
1109.0,5092.78,500.0,60.69
1109.5,5101.21,500.0,60.72
1110.0,5109.65,500.0,60.74
1110.5,5118.09,500.0,60.76
1111.0,5126.53,500.0,60.79
1111.5,5134.969999999999,500.0,60.8
1112.0,5143.42,500.0,60.82
1112.5,5151.87,500.0,60.84
1113.0,5160.32,500.0,60.85
1113.5,5168.7699999999995,500.0,60.87
1114.0,5177.219999999999,500.0,60.88
1114.5,5185.679999999999,500.0,60.89
1115.0,5194.139999999999,500.0,60.9
1115.5,5202.599999999999,500.0,60.9
1116.0,5211.05,500.0,60.91
1116.5,5219.509999999999,500.0,60.91
1117.0,5227.969999999999,500.0,60.92
1117.5,5236.44,500.0,60.92
1118.0,5244.9,500.0,60.92
1118.5,5253.36,500.0,60.92
1119.0,5261.82,500.0,60.92
1119.5,5270.28,500.0,60.91
1120.0,5278.74,500.0,60.91
1120.5,5287.2,500.0,60.91
1121.0,5295.66,500.0,60.9
1121.5,5304.12,500.0,60.89
1122.0,5312.57,500.0,60.89
1122.5,5321.03,500.0,60.88
1123.0,5329.48,500.0,60.87
1123.5,5337.94,500.0,60.86
1124.0,5346.389999999999,500.0,60.85
1124.5,5354.84,500.0,60.84
1125.0,5363.29,500.0,60.83
1125.5,5371.74,500.0,60.82
1126.0,5380.179999999999,500.0,60.81
1126.5,5388.63,500.0,60.79
1127.0,5397.07,500.0,60.78
1127.5,5405.509999999999,500.0,60.76
1128.0,5413.95,500.0,60.75
1128.5,5422.389999999999,500.0,60.74
1129.0,5430.82,500.0,60.72
1129.5,5439.25,500.0,60.7
1130.0,5447.679999999999,500.0,60.69
1130.5,5456.11,500.0,60.67
1131.0,5464.54,500.0,60.66
1131.5,5472.96,500.0,60.64
1132.0,5481.38,500.0,60.62
1132.5,5489.8,500.0,60.6
1133.0,5498.21,500.0,60.59
1133.5,5506.63,500.0,60.57
1134.0,5515.04,500.0,60.55
1134.5,5523.45,500.0,60.53
1135.0,5531.849999999999,500.0,60.51
1135.5,5540.259999999999,500.0,60.5
1136.0,5548.66,500.0,60.48
1136.5,5557.0599999999995,500.0,60.46
1137.0,5565.45,500.0,60.44
1137.5,5573.849999999999,500.0,60.42
1138.0,5582.24,500.0,60.4
1138.5,5590.62,500.0,60.39
1139.0,5599.009999999999,500.0,60.37
1139.5,5607.389999999999,500.0,60.35
1140.0,5615.7699999999995,500.0,60.33
1140.5,5624.15,500.0,60.31
1141.0,5632.53,500.0,60.29
1141.5,5640.9,500.0,60.27
1142.0,5649.2699999999995,500.0,60.25
1142.5,5657.639999999999,500.0,60.24
1143.0,5666.0,500.0,60.22
1143.5,5674.36,500.0,60.2
1144.0,5682.719999999999,500.0,60.18
1144.5,5691.08,500.0,60.16
1145.0,5699.44,500.0,60.15
1145.5,5707.79,500.0,60.13
1146.0,5716.139999999999,500.0,60.12
1146.5,5724.49,500.0,60.1
1147.0,5732.83,500.0,60.09
1147.5,5741.179999999999,500.0,60.08
1148.0,5749.5199999999995,500.0,60.07
1148.5,5757.86,500.0,60.06
1149.0,5766.21,500.0,60.05
1149.5,5774.55,500.0,60.05
1150.0,5782.889999999999,500.0,60.05
1150.5,5791.23,500.0,60.05
1151.0,5799.57,500.0,60.05
1151.5,5807.91,500.0,60.06
1152.0,5816.25,500.0,60.07
1152.5,5824.59,500.0,60.08
1153.0,5832.94,500.0,60.09
1153.5,5841.28,500.0,60.1
1154.0,5849.63,500.0,60.12
1154.5,5857.98,500.0,60.13
1155.0,5866.34,500.0,60.15
1155.5,5874.69,500.0,60.17
1156.0,5883.05,500.0,60.19
1156.5,5891.41,500.0,60.21
1157.0,5899.7699999999995,500.0,60.23
1157.5,5908.139999999999,500.0,60.25
1158.0,5916.509999999999,500.0,60.27
1158.5,5924.88,500.0,60.29
1159.0,5933.259999999999,500.0,60.31
1159.5,5941.63,500.0,60.33
1160.0,5950.009999999999,500.0,60.35
1160.5,5958.4,500.0,60.37
1161.0,5966.78,500.0,60.39
1161.5,5975.17,500.0,60.41
1162.0,5983.5599999999995,500.0,60.42
1162.5,5991.96,500.0,60.44
1163.0,6000.349999999999,500.0,60.45
1163.5,6008.75,500.0,60.47
1164.0,6017.15,500.0,60.48
1164.5,6025.55,500.0,60.49
1165.0,6033.95,500.0,60.5
1165.5,6042.36,500.0,60.51
1166.0,6050.759999999999,500.0,60.52
1166.5,6059.17,500.0,60.53
1167.0,6067.58,500.0,60.54
1167.5,6075.98,500.0,60.54
1168.0,6084.389999999999,500.0,60.55
1168.5,6092.8,500.0,60.55
1169.0,6101.21,500.0,60.55
1169.5,6109.62,500.0,60.55
1170.0,6118.03,500.0,60.55
1170.5,6126.44,500.0,60.55
1171.0,6134.849999999999,500.0,60.55
1171.5,6143.259999999999,500.0,60.54
1172.0,6151.67,500.0,60.53
1172.5,6160.07,500.0,60.51
1173.0,6168.469999999999,500.0,60.48
1173.5,6176.87,500.0,60.44
1174.0,6185.259999999999,500.0,60.39
1174.5,6193.65,500.0,60.34
1175.0,6202.0199999999995,500.0,60.27
1175.5,6210.389999999999,500.0,60.2
1176.0,6218.74,500.0,60.12
1176.5,6227.09,500.0,60.03
1177.0,6235.42,500.0,59.94
1177.5,6243.74,500.0,59.84
1178.0,6252.04,500.0,59.74
1178.5,6260.33,500.0,59.63
1179.0,6268.42,500.0,56.55
1179.5,6276.139999999999,500.0,54.82
1180.0,6283.69,500.0,54.07
1180.5,6291.179999999999,500.0,53.8
1181.0,6298.65,500.0,53.79
1181.5,6306.13,500.0,53.93
1182.0,6313.63,500.0,54.15
1182.5,6321.17,500.0,54.41
1183.0,6328.75,500.0,54.69
1183.5,6336.36,500.0,54.97
1184.0,6344.0199999999995,500.0,55.25
1184.5,6351.71,500.0,55.51
1185.0,6359.429999999999,500.0,55.75
1185.5,6367.19,500.0,55.97
1186.0,6374.98,500.0,56.17
1186.5,6382.79,500.0,56.35
1187.0,6390.63,500.0,56.51
1187.5,6398.49,500.0,56.65
1188.0,6406.37,500.0,56.77
1188.5,6414.259999999999,500.0,56.88
1189.0,6422.17,500.0,56.97
1189.5,6430.09,500.0,57.05
1190.0,6438.0199999999995,500.0,57.12
1190.5,6445.95,500.0,57.19
1191.0,6453.9,500.0,57.24
1191.5,6461.849999999999,500.0,57.29
1192.0,6469.8099999999995,500.0,57.33
1192.5,6477.78,500.0,57.38
1193.0,6485.75,500.0,57.42
1193.5,6493.73,500.0,57.46
1194.0,6501.71,500.0,57.49
1194.5,6509.7,500.0,57.53
1195.0,6517.69,500.0,57.57
1195.5,6525.69,500.0,57.61
1196.0,6533.7,500.0,57.65
1196.5,6541.71,500.0,57.69
1197.0,6549.719999999999,500.0,57.73
1197.5,6557.74,500.0,57.77
1198.0,6565.7699999999995,500.0,57.81
1198.5,6573.8099999999995,500.0,57.88
1199.0,6581.8099999999995,500.0,57.3
1199.5,6589.73,500.0,56.84
1200.0,6597.599999999999,500.0,56.49
1200.5,6605.429999999999,500.0,56.22
1201.0,6613.219999999999,500.0,56.01
1201.5,6620.99,500.0,55.86
1202.0,6628.74,500.0,55.76
1202.5,6636.48,500.0,55.69
1203.0,6644.21,500.0,55.65
1203.5,6651.94,500.0,55.64
1204.0,6659.67,500.0,55.65
1204.5,6667.4,500.0,55.68
1205.0,6675.139999999999,500.0,55.72
1205.5,6682.88,500.0,55.78
1206.0,6690.63,500.0,55.84
1206.5,6698.389999999999,500.0,55.91
1207.0,6706.17,500.0,55.99
1207.5,6713.95,500.0,56.07
1208.0,6721.74,500.0,56.16
1208.5,6729.55,500.0,56.25
1209.0,6737.37,500.0,56.34
1209.5,6745.2,500.0,56.43
1210.0,6753.04,500.0,56.52
1210.5,6760.9,500.0,56.61
1211.0,6768.759999999999,500.0,56.69
1211.5,6776.639999999999,500.0,56.78
1212.0,6784.54,500.0,56.87
1212.5,6792.44,500.0,56.95
1213.0,6800.36,500.0,57.03
1213.5,6808.28,500.0,57.11
1214.0,6816.219999999999,500.0,57.19
1214.5,6824.17,500.0,57.27
1215.0,6832.13,500.0,57.34
1215.5,6840.099999999999,500.0,57.41
1216.0,6848.08,500.0,57.48
1216.5,6856.0599999999995,500.0,57.54
1217.0,6864.0599999999995,500.0,57.61
1217.5,6872.07,500.0,57.67
1218.0,6880.08,500.0,57.72
1218.5,6888.099999999999,500.0,57.78
1219.0,6896.13,500.0,57.83
1219.5,6904.16,500.0,57.88
1220.0,6912.21,500.0,57.93
1220.5,6920.259999999999,500.0,57.98
1221.0,6928.3099999999995,500.0,58.02
1221.5,6936.37,500.0,58.06
1222.0,6944.44,500.0,58.1
1222.5,6952.509999999999,500.0,58.14
1223.0,6960.59,500.0,58.17
1223.5,6968.67,500.0,58.2
1224.0,6976.759999999999,500.0,58.23
1224.5,6984.849999999999,500.0,58.26
1225.0,6992.94,500.0,58.29
1225.5,7001.04,500.0,58.32
1226.0,7009.139999999999,500.0,58.34
1226.5,7017.24,500.0,58.36
1227.0,7025.349999999999,500.0,58.39
1227.5,7033.46,500.0,58.41
1228.0,7041.58,500.0,58.43
1228.5,7049.69,500.0,58.45
1229.0,7057.8099999999995,500.0,58.47
1229.5,7065.929999999999,500.0,58.49
1230.0,7074.0599999999995,500.0,58.52
1230.5,7082.19,500.0,58.54
1231.0,7090.32,500.0,58.56
1231.5,7098.46,500.0,58.59
1232.0,7106.599999999999,500.0,58.62
1232.5,7114.74,500.0,58.65
1233.0,7122.889999999999,500.0,58.68
1233.5,7131.04,500.0,58.72
1234.0,7139.2,500.0,58.76
1234.5,7147.36,500.0,58.79
1235.0,7155.53,500.0,58.83
1235.5,7163.71,500.0,58.88
1236.0,7171.889999999999,500.0,58.92
1236.5,7180.07,500.0,58.97
1237.0,7188.2699999999995,500.0,59.01
1237.5,7196.46,500.0,59.06
1238.0,7204.67,500.0,59.11
1238.5,7212.88,500.0,59.16
1239.0,7221.099999999999,500.0,59.21
1239.5,7229.33,500.0,59.26
1240.0,7237.5599999999995,500.0,59.31
1240.5,7245.8099999999995,500.0,59.36
1241.0,7254.05,500.0,59.41
1241.5,7262.3099999999995,500.0,59.46
1242.0,7270.57,500.0,59.51
1242.5,7278.84,500.0,59.56
1243.0,7287.11,500.0,59.61
1243.5,7295.4,500.0,59.65
1244.0,7303.69,500.0,59.7
1244.5,7311.98,500.0,59.74
1245.0,7320.28,500.0,59.79
1245.5,7328.59,500.0,59.83
1246.0,7336.9,500.0,59.87
1246.5,7345.219999999999,500.0,59.91
1247.0,7353.54,500.0,59.95
1247.5,7361.87,500.0,59.98
1248.0,7370.2,500.0,60.02
1248.5,7378.54,500.0,60.05
1249.0,7386.88,500.0,60.08
1249.5,7395.23,500.0,60.11
1250.0,7403.58,500.0,60.14
1250.5,7411.929999999999,500.0,60.16
1251.0,7420.29,500.0,60.19
1251.5,7428.65,500.0,60.21
1252.0,7437.0199999999995,500.0,60.23
1252.5,7445.38,500.0,60.25
1253.0,7453.75,500.0,60.26
1253.5,7462.12,500.0,60.28
1254.0,7470.5,500.0,60.29
1254.5,7478.87,500.0,60.31
1255.0,7487.25,500.0,60.32
1255.5,7495.63,500.0,60.33
1256.0,7504.009999999999,500.0,60.34
1256.5,7512.389999999999,500.0,60.34
1257.0,7520.7699999999995,500.0,60.34
1257.5,7529.15,500.0,60.34
1258.0,7537.53,500.0,60.34
1258.5,7545.91,500.0,60.33
1259.0,7554.29,500.0,60.31
1259.5,7562.66,500.0,60.29
1260.0,7571.03,500.0,60.26
1260.5,7579.4,500.0,60.22
1261.0,7587.759999999999,500.0,60.17
1261.5,7596.11,500.0,60.12
1262.0,7604.46,500.0,60.06
1262.5,7612.8,500.0,60.0
1263.0,7621.13,500.0,59.93
1263.5,7629.44,500.0,59.86
1264.0,7637.75,500.0,59.78
1264.5,7646.05,500.0,59.71
1265.0,7654.34,500.0,59.63
1265.5,7662.61,500.0,59.55
1266.0,7670.88,500.0,59.47
1266.5,7679.13,500.0,59.4
1267.0,7687.38,500.0,59.32
1267.5,7695.61,500.0,59.25
1268.0,7703.839999999999,500.0,59.18
1268.5,7712.05,500.0,59.11
1269.0,7720.259999999999,500.0,59.05
1269.5,7728.46,500.0,59.0
1270.0,7736.650000000001,500.0,58.94
1270.5,7744.829999999999,500.0,58.89
1271.0,7753.009999999999,500.0,58.85
1271.5,7761.179999999999,500.0,58.81
1272.0,7769.339999999999,500.0,58.78
1272.5,7777.499999999999,500.0,58.75
1273.0,7785.659999999999,500.0,58.72
1273.5,7793.81,500.0,58.7
1274.0,7801.97,500.0,58.68
1274.5,7810.12,500.0,58.67
1275.0,7818.259999999999,500.0,58.66
1275.5,7826.409999999999,500.0,58.65
1276.0,7834.55,500.0,58.64
1276.5,7842.7,500.0,58.64
1277.0,7850.839999999999,500.0,58.64
1277.5,7858.989999999999,500.0,58.64
1278.0,7867.13,500.0,58.64
1278.5,7875.28,500.0,58.65
1279.0,7883.419999999999,500.0,58.66
1279.5,7891.570000000001,500.0,58.66
1280.0,7899.72,500.0,58.67
1280.5,7907.87,500.0,58.68
1281.0,7916.0199999999995,500.0,58.69
1281.5,7924.169999999999,500.0,58.7
1282.0,7932.320000000001,500.0,58.71
1282.5,7940.4800000000005,500.0,58.72
1283.0,7948.64,500.0,58.73
1283.5,7956.79,500.0,58.74
1284.0,7964.95,500.0,58.75
1284.5,7973.11,500.0,58.76
1285.0,7981.28,500.0,58.77
1285.5,7989.44,500.0,58.78
1286.0,7997.61,500.0,58.79
1286.5,8005.7699999999995,500.0,58.8
1287.0,8013.94,500.0,58.81
1287.5,8022.11,500.0,58.82
1288.0,8030.28,500.0,58.83
1288.5,8038.45,500.0,58.84
1289.0,8046.62,500.0,58.84
1289.5,8054.79,500.0,58.84
1290.0,8062.97,500.0,58.85
1290.5,8071.14,500.0,58.84
1291.0,8079.31,500.0,58.84
1291.5,8087.489999999999,500.0,58.83
1292.0,8095.659999999999,500.0,58.82
1292.5,8103.820000000001,500.0,58.81
1293.0,8111.989999999999,500.0,58.79
1293.5,8120.159999999999,500.0,58.77
1294.0,8128.320000000001,500.0,58.75
1294.5,8136.4800000000005,500.0,58.73
1295.0,8144.63,500.0,58.71
1295.5,8152.78,500.0,58.68
1296.0,8160.929999999999,500.0,58.66
1296.5,8169.079999999999,500.0,58.63
1297.0,8177.22,500.0,58.61
1297.5,8185.36,500.0,58.59
1298.0,8193.5,500.0,58.58
1298.5,8201.630000000001,500.0,58.56
1299.0,8209.76,500.0,58.55
1299.5,8217.900000000001,500.0,58.55
1300.0,8226.03,500.0,58.55
1300.5,8234.16,500.0,58.55
1301.0,8242.29,500.0,58.55
1301.5,8250.42,500.0,58.56
1302.0,8258.560000000001,500.0,58.58
1302.5,8266.69,500.0,58.6
1303.0,8274.83,500.0,58.62
1303.5,8282.980000000001,500.0,58.64
1304.0,8291.130000000001,500.0,58.67
1304.5,8299.28,500.0,58.71
1305.0,8307.43,500.0,58.74
1305.5,8315.59,500.0,58.78
1306.0,8323.76,500.0,58.82
1306.5,8331.93,500.0,58.87
1307.0,8340.11,500.0,58.91
1307.5,8348.300000000001,500.0,58.96
1308.0,8356.49,500.0,59.0
1308.5,8364.69,500.0,59.05
1309.0,8372.890000000001,500.0,59.1
1309.5,8381.11,500.0,59.15
1310.0,8389.320000000002,500.0,59.2
1310.5,8397.550000000001,500.0,59.25
1311.0,8405.78,500.0,59.3
1311.5,8414.02,500.0,59.35
1312.0,8422.27,500.0,59.4
1312.5,8430.53,500.0,59.45
1313.0,8438.79,500.0,59.5
1313.5,8447.050000000001,500.0,59.55
1314.0,8455.33,500.0,59.59
1314.5,8463.61,500.0,59.64
1315.0,8471.890000000001,500.0,59.68
1315.5,8480.18,500.0,59.72
1316.0,8488.480000000001,500.0,59.76
1316.5,8496.79,500.0,59.8
1317.0,8505.09,500.0,59.84
1317.5,8513.41,500.0,59.88
1318.0,8521.730000000001,500.0,59.91
1318.5,8530.050000000001,500.0,59.94
1319.0,8538.380000000001,500.0,59.98
1319.5,8546.710000000001,500.0,60.01
1320.0,8555.050000000001,500.0,60.03
1320.5,8563.390000000001,500.0,60.06
1321.0,8571.730000000001,500.0,60.09
1321.5,8580.08,500.0,60.11
1322.0,8588.43,500.0,60.13
1322.5,8596.78,500.0,60.15
1323.0,8605.140000000001,500.0,60.17
1323.5,8613.49,500.0,60.19
1324.0,8621.85,500.0,60.21
1324.5,8630.220000000001,500.0,60.22
1325.0,8638.58,500.0,60.24
1325.5,8646.95,500.0,60.25
1326.0,8655.320000000002,500.0,60.26
1326.5,8663.69,500.0,60.27
1327.0,8672.060000000001,500.0,60.28
1327.5,8680.44,500.0,60.29
1328.0,8688.810000000001,500.0,60.3
1328.5,8697.19,500.0,60.31
1329.0,8705.560000000001,500.0,60.31
1329.5,8713.94,500.0,60.32
1330.0,8722.320000000002,500.0,60.32
1330.5,8730.7,500.0,60.33
1331.0,8739.08,500.0,60.33
1331.5,8747.460000000001,500.0,60.33
1332.0,8755.84,500.0,60.33
1332.5,8764.220000000001,500.0,60.34
1333.0,8772.6,500.0,60.34
1333.5,8780.980000000001,500.0,60.34
1334.0,8789.36,500.0,60.33
1334.5,8797.730000000001,500.0,60.33
1335.0,8806.11,500.0,60.33
1335.5,8814.49,500.0,60.33
1336.0,8822.87,500.0,60.33
1336.5,8831.25,500.0,60.32
1337.0,8839.630000000001,500.0,60.32
1337.5,8848.01,500.0,60.31
1338.0,8856.380000000001,500.0,60.31
1338.5,8864.76,500.0,60.31
1339.0,8873.130000000001,500.0,60.3
1339.5,8881.51,500.0,60.3
1340.0,8889.880000000001,500.0,60.29
1340.5,8898.26,500.0,60.28
1341.0,8906.630000000001,500.0,60.28
1341.5,8915.0,500.0,60.27
1342.0,8923.37,500.0,60.26
1342.5,8931.74,500.0,60.25
1343.0,8940.11,500.0,60.24
1343.5,8948.470000000001,500.0,60.23
1344.0,8956.84,500.0,60.22
1344.5,8965.2,500.0,60.21
1345.0,8973.560000000001,500.0,60.2
1345.5,8981.92,500.0,60.18
1346.0,8990.28,500.0,60.16
1346.5,8998.630000000001,500.0,60.15
1347.0,9006.99,500.0,60.13
1347.5,9015.34,500.0,60.11
1348.0,9023.68,500.0,60.08
1348.5,9032.03,500.0,60.06
1349.0,9040.37,500.0,60.03
1349.5,9048.7,500.0,60.01
1350.0,9057.03,500.0,59.98
1350.5,9065.36,500.0,59.95
1351.0,9073.69,500.0,59.92
1351.5,9082.01,500.0,59.88
1352.0,9090.320000000002,500.0,59.85
1352.5,9098.630000000001,500.0,59.82
1353.0,9106.94,500.0,59.78
1353.5,9115.24,500.0,59.75
1354.0,9123.53,500.0,59.72
1354.5,9131.83,500.0,59.69
1355.0,9140.12,500.0,59.66
1355.5,9148.400000000001,500.0,59.64
1356.0,9156.68,500.0,59.61
1356.5,9164.650000000001,500.0,55.63
1357.0,9172.24,500.0,53.9
1357.5,9179.66,500.0,53.16
1358.0,9187.03,500.0,52.94
1358.5,9194.380000000001,500.0,53.0
1359.0,9201.76,500.0,53.24
1359.5,9209.18,500.0,53.58
1360.0,9216.640000000001,500.0,53.98
1360.5,9224.17,500.0,54.4
1361.0,9231.76,500.0,54.84
1361.5,9239.400000000001,500.0,55.27
1362.0,9247.11,500.0,55.69
1362.5,9254.87,500.0,56.1
1363.0,9262.69,500.0,56.48
1363.5,9270.560000000001,500.0,56.83
1364.0,9278.480000000001,500.0,57.16
1364.5,9286.44,500.0,57.46
1365.0,9294.44,500.0,57.74
1365.5,9302.470000000001,500.0,58.0
1366.0,9310.550000000001,500.0,58.23
1366.5,9318.650000000001,500.0,58.44
1367.0,9326.78,500.0,58.62
1367.5,9334.93,500.0,58.8
1368.0,9343.11,500.0,58.95
1368.5,9351.310000000001,500.0,59.09
1369.0,9359.52,500.0,59.22
1369.5,9367.75,500.0,59.33
1370.0,9376.0,500.0,59.43
1370.5,9384.26,500.0,59.53
1371.0,9392.54,500.0,59.62
1371.5,9400.820000000002,500.0,59.7
1372.0,9409.12,500.0,59.77
1372.5,9417.43,500.0,59.84
1373.0,9425.74,500.0,59.91
1373.5,9434.070000000002,500.0,59.97
1374.0,9442.400000000001,500.0,60.03
1374.5,9450.74,500.0,60.08
1375.0,9459.09,500.0,60.13
1375.5,9467.45,500.0,60.18
1376.0,9475.810000000001,500.0,60.23
1376.5,9484.18,500.0,60.28
1377.0,9492.550000000001,500.0,60.32
1377.5,9500.93,500.0,60.36
1378.0,9509.320000000002,500.0,60.4
1378.5,9517.710000000001,500.0,60.44
1379.0,9526.11,500.0,60.47
1379.5,9534.51,500.0,60.51
1380.0,9542.91,500.0,60.54
1380.5,9551.320000000002,500.0,60.57
1381.0,9559.74,500.0,60.6
1381.5,9568.16,500.0,60.63
1382.0,9576.58,500.0,60.66
1382.5,9585.01,500.0,60.68
1383.0,9593.44,500.0,60.71
1383.5,9601.87,500.0,60.73
1384.0,9610.310000000001,500.0,60.75
1384.5,9618.75,500.0,60.77
1385.0,9627.19,500.0,60.79
1385.5,9635.640000000001,500.0,60.81
1386.0,9644.08,500.0,60.83
1386.5,9652.53,500.0,60.84
1387.0,9660.980000000001,500.0,60.86
1387.5,9669.44,500.0,60.87
1388.0,9677.890000000001,500.0,60.88
1388.5,9686.35,500.0,60.89
1389.0,9694.810000000001,500.0,60.91
1389.5,9703.27,500.0,60.92
1390.0,9711.730000000001,500.0,60.93
1390.5,9720.19,500.0,60.93
1391.0,9728.650000000001,500.0,60.94
1391.5,9737.12,500.0,60.95
1392.0,9745.59,500.0,60.96
1392.5,9754.050000000001,500.0,60.97
1393.0,9762.52,500.0,60.98
1393.5,9770.99,500.0,60.99
1394.0,9779.460000000001,500.0,61.01
1394.5,9787.94,500.0,61.02
1395.0,9796.42,500.0,61.04
1395.5,9804.890000000001,500.0,61.06
1396.0,9813.380000000001,500.0,61.08
1396.5,9821.86,500.0,61.11
1397.0,9830.35,500.0,61.14
1397.5,9838.84,500.0,61.18
1398.0,9847.34,500.0,61.22
1398.5,9855.85,500.0,61.28
1399.0,9864.37,500.0,61.35
1399.5,9872.890000000001,500.0,61.42
1400.0,9881.43,500.0,61.52
1400.5,9889.980000000001,500.0,61.63
1401.0,9898.550000000001,500.0,61.76
1401.5,9907.140000000001,500.0,61.91
1402.0,9915.75,500.0,62.1
1402.5,9924.41,500.0,62.59
1403.0,9933.130000000001,500.0,63.04
1403.5,9941.92,500.0,63.46
1404.0,9950.76,500.0,63.84
1404.5,9959.650000000001,500.0,64.19
1405.0,9968.59,500.0,64.5
1405.5,9977.570000000002,500.0,64.79
1406.0,9986.58,500.0,65.05
1406.5,9995.640000000001,500.0,65.29
1407.0,45.569999999999936,500.0,57.24
1407.5,53.569999999999936,500.0,58.01
1408.0,61.67999999999995,500.0,58.7
1408.5,69.88,500.0,59.34
1409.0,78.15999999999997,500.0,59.91
1409.5,86.51999999999998,500.0,60.43
1410.0,94.93999999999994,500.0,60.89
1410.5,103.42999999999995,500.0,61.29
1411.0,111.95999999999992,500.0,61.65
1411.5,120.54999999999995,500.0,61.96
1412.0,129.16999999999996,500.0,62.23
1412.5,137.82999999999993,500.0,62.45
1413.0,146.51999999999998,500.0,62.64
1413.5,155.23000000000002,500.0,62.8
1414.0,163.95999999999992,500.0,62.92
1414.5,172.70999999999992,500.0,63.02
1415.0,181.47000000000003,500.0,63.09
1415.5,190.23000000000002,500.0,63.13
1416.0,199.0,500.0,63.16
1416.5,207.77999999999997,500.0,63.16
1417.0,216.54999999999995,500.0,63.15
1417.5,225.31999999999994,500.0,63.12
1418.0,234.07999999999993,500.0,63.07
1418.5,242.82999999999993,500.0,63.01
1419.0,251.57999999999993,500.0,62.94
1419.5,260.31999999999994,500.0,62.85
1420.0,269.03999999999996,500.0,62.76
1420.5,277.75,500.0,62.65
1421.0,286.43999999999994,500.0,62.54
1421.5,295.12,500.0,62.42
1422.0,303.78,500.0,62.29
1422.5,312.41999999999996,500.0,62.15
1423.0,321.04999999999995,500.0,62.01
1423.5,329.65,500.0,61.86
1424.0,338.23,500.0,61.71
1424.5,346.78999999999996,500.0,61.55
1425.0,355.3299999999999,500.0,61.38
1425.5,363.8399999999999,500.0,61.21
1426.0,372.3299999999999,500.0,61.04
1426.5,380.79999999999995,500.0,60.87
1427.0,389.24,500.0,60.69
1427.5,397.65,500.0,60.52
1428.0,406.04999999999995,500.0,60.34
1428.5,414.40999999999997,500.0,60.16
1429.0,422.76,500.0,59.99
1429.5,431.0799999999999,500.0,59.81
1430.0,439.37,500.0,59.64
1430.5,447.64,500.0,59.47
1431.0,455.89,500.0,59.31
1431.5,464.12,500.0,59.15
1432.0,472.31999999999994,500.0,59.0
1432.5,480.51,500.0,58.85
1433.0,488.66999999999996,500.0,58.7
1433.5,496.80999999999995,500.0,58.57
1434.0,504.93999999999994,500.0,58.43
1434.5,513.05,500.0,58.31
1435.0,521.14,500.0,58.19
1435.5,529.21,500.0,58.08
1436.0,537.27,500.0,57.98
1436.5,545.3199999999999,500.0,57.88
1437.0,553.3499999999999,500.0,57.79
1437.5,561.3699999999999,500.0,57.7
1438.0,569.3799999999999,500.0,57.62
1438.5,577.3799999999999,500.0,57.55
1439.0,585.3599999999999,500.0,57.48
1439.5,593.3399999999999,500.0,57.42
1440.0,601.31,500.0,57.37
1440.5,609.28,500.0,57.32
1441.0,617.24,500.0,57.27
1441.5,625.19,500.0,57.23
1442.0,633.1299999999999,500.0,57.19
1442.5,641.0699999999999,500.0,57.16
1443.0,649.01,500.0,57.13
1443.5,656.94,500.0,57.1
1444.0,664.8699999999999,500.0,57.08
1444.5,672.8,500.0,57.06
1445.0,680.73,500.0,57.07
1445.5,688.6600000000001,500.0,57.14
1446.0,696.5999999999999,500.0,57.24
1446.5,704.56,500.0,57.37
1447.0,712.54,500.0,57.51
1447.5,720.53,500.0,57.67
1448.0,728.55,500.0,57.82
1448.5,736.5899999999999,500.0,57.97
1449.0,744.6600000000001,500.0,58.11
1449.5,752.74,500.0,58.24
1450.0,760.8299999999999,500.0,58.36
1450.5,768.95,500.0,58.48
1451.0,777.0799999999999,500.0,58.58
1451.5,785.22,500.0,58.67
1452.0,793.3699999999999,500.0,58.75
1452.5,801.54,500.0,58.82
1453.0,809.71,500.0,58.88
1453.5,817.8899999999999,500.0,58.92
1454.0,826.0799999999999,500.0,58.96
1454.5,834.27,500.0,59.0
1455.0,842.46,500.0,59.02
1455.5,850.6600000000001,500.0,59.04
1456.0,858.8599999999999,500.0,59.05
1456.5,867.0699999999999,500.0,59.06
1457.0,875.27,500.0,59.06
1457.5,883.47,500.0,59.06
1458.0,891.6700000000001,500.0,59.05
1458.5,899.8699999999999,500.0,59.04
1459.0,908.0699999999999,500.0,59.03
1459.5,916.27,500.0,59.01
1460.0,924.46,500.0,58.99
1460.5,932.6600000000001,500.0,58.97
1461.0,940.8499999999999,500.0,58.95
1461.5,949.03,500.0,58.93
1462.0,957.21,500.0,58.9
1462.5,965.3899999999999,500.0,58.87
1463.0,973.5699999999999,500.0,58.85
1463.5,981.74,500.0,58.82
1464.0,989.9100000000001,500.0,58.79
1464.5,998.0699999999999,500.0,58.76
1465.0,1006.23,500.0,58.74
1465.5,1014.3899999999999,500.0,58.71
1466.0,1022.54,500.0,58.68
1466.5,1030.68,500.0,58.65
1467.0,1038.83,500.0,58.62
1467.5,1046.97,500.0,58.59
1468.0,1055.1,500.0,58.56
1468.5,1063.23,500.0,58.53
1469.0,1071.36,500.0,58.5
1469.5,1079.48,500.0,58.47
1470.0,1087.6,500.0,58.44
1470.5,1095.72,500.0,58.41
1471.0,1103.83,500.0,58.38
1471.5,1111.93,500.0,58.36
1472.0,1120.04,500.0,58.33
1472.5,1128.1399999999999,500.0,58.3
1473.0,1136.23,500.0,58.27
1473.5,1144.32,500.0,58.25
1474.0,1152.41,500.0,58.22
1474.5,1160.5,500.0,58.19
1475.0,1168.58,500.0,58.17
1475.5,1176.6499999999999,500.0,58.16
1476.0,1184.73,500.0,58.19
1476.5,1192.82,500.0,58.26
1477.0,1200.92,500.0,58.35
1477.5,1209.03,500.0,58.45
1478.0,1217.1499999999999,500.0,58.57
1478.5,1225.3,500.0,58.68
1479.0,1233.45,500.0,58.8
1479.5,1241.6299999999999,500.0,58.91
1480.0,1249.82,500.0,59.01
1480.5,1258.02,500.0,59.11
1481.0,1266.24,500.0,59.21
1481.5,1274.47,500.0,59.29
1482.0,1282.71,500.0,59.37
1482.5,1290.96,500.0,59.44
1483.0,1299.22,500.0,59.51
1483.5,1307.49,500.0,59.57
1484.0,1315.77,500.0,59.62
1484.5,1324.05,500.0,59.66
1485.0,1332.34,500.0,59.7
1485.5,1340.6299999999999,500.0,59.73
1486.0,1348.93,500.0,59.76
1486.5,1357.23,500.0,59.79
1487.0,1365.54,500.0,59.81
1487.5,1373.84,500.0,59.82
1488.0,1382.1499999999999,500.0,59.83
1488.5,1390.46,500.0,59.84
1489.0,1398.78,500.0,59.85
1489.5,1407.09,500.0,59.85
1490.0,1415.3999999999999,500.0,59.85
1490.5,1423.72,500.0,59.85
1491.0,1432.03,500.0,59.85
1491.5,1440.34,500.0,59.85
1492.0,1448.6499999999999,500.0,59.84
1492.5,1456.96,500.0,59.84
1493.0,1465.27,500.0,59.83
1493.5,1473.58,500.0,59.82
1494.0,1481.8899999999999,500.0,59.81
1494.5,1490.2,500.0,59.8
1495.0,1498.5,500.0,59.79
1495.5,1506.8,500.0,59.78
1496.0,1515.1,500.0,59.76
1496.5,1523.3999999999999,500.0,59.75
1497.0,1531.7,500.0,59.74
1497.5,1540.0,500.0,59.72
1498.0,1548.2900000000002,500.0,59.71
1498.5,1556.5800000000002,500.0,59.7
1499.0,1564.8700000000001,500.0,59.68
1499.5,1573.16,500.0,59.67
1500.0,1581.45,500.0,59.66
1500.5,1589.7299999999998,500.0,59.64
1501.0,1598.0199999999998,500.0,59.63
1501.5,1606.3,500.0,59.62
1502.0,1614.5800000000002,500.0,59.6
1502.5,1622.86,500.0,59.59
1503.0,1631.1299999999999,500.0,59.58
1503.5,1639.3999999999999,500.0,59.56
1504.0,1647.68,500.0,59.55
1504.5,1655.95,500.0,59.54
1505.0,1664.2099999999998,500.0,59.53
1505.5,1672.4799999999998,500.0,59.51
1506.0,1680.7499999999998,500.0,59.5
1506.5,1689.01,500.0,59.49
1507.0,1697.2699999999998,500.0,59.48
1507.5,1705.53,500.0,59.47
1508.0,1713.7900000000002,500.0,59.46
1508.5,1722.05,500.0,59.45
1509.0,1730.3,500.0,59.44
